Map_ID,Module,Screen_or_Form,Visible_Label,Form_Variable,Component_File,Service_API_Store,Database_Table,Database_Column,Mapping_Type,Evidence,Confidence,Verification_Status
FDB-001,Sthapana / Foundation,Family Mandal,Name,memberData.name,src/app/(dashboard)/foundation/family/page.tsx,/api/family -> familyService,family_members,name,Direct,src/app/(dashboard)/foundation/family/page.tsx; /api/family -> familyService; prisma/schema.prisma,Confirmed,Needs human verification against running UI and current deployment
FDB-002,Sthapana / Foundation,Family Mandal,Relationship,memberData.relationship -> payload.relation,src/app/(dashboard)/foundation/family/page.tsx,/api/family -> familyService,family_members,relation,Renamed,src/app/(dashboard)/foundation/family/page.tsx; /api/family -> familyService; prisma/schema.prisma,Confirmed,Needs human verification against running UI and current deployment
FDB-003,Sthapana / Foundation,Family Mandal,Janma Tithi (DOB),memberData.dob,src/app/(dashboard)/foundation/family/page.tsx,/api/family -> familyService,family_members,dob,Direct,src/app/(dashboard)/foundation/family/page.tsx; /api/family -> familyService; prisma/schema.prisma,Confirmed,Needs human verification against running UI and current deployment
FDB-004,Sthapana / Foundation,Family Mandal,Mobile,memberData.phone,src/app/(dashboard)/foundation/family/page.tsx,/api/family -> familyService,family_members,phone,Direct,src/app/(dashboard)/foundation/family/page.tsx; /api/family -> familyService; prisma/schema.prisma,Confirmed,Needs human verification against running UI and current deployment
FDB-005,Sthapana / Foundation,Family Mandal,Email,memberData.email,src/app/(dashboard)/foundation/family/page.tsx,/api/family -> familyService,family_members,email,Direct,src/app/(dashboard)/foundation/family/page.tsx; /api/family -> familyService; prisma/schema.prisma,Confirmed,Needs human verification against running UI and current deployment
FDB-006,Sthapana / Foundation,Family Mandal,Financially dependent,memberData.dependent -> payload.isDependent,src/app/(dashboard)/foundation/family/page.tsx,/api/family -> familyService,family_members,isDependent,Renamed,src/app/(dashboard)/foundation/family/page.tsx; /api/family -> familyService; prisma/schema.prisma,Confirmed,Needs human verification against running UI and current deployment
FDB-007,Sthapana / Foundation,Family Mandal,Nominee eligible,memberData.nomineeEligible,src/app/(dashboard)/foundation/family/page.tsx,/api/family -> familyService,family_members,nomineeEligible,Direct,src/app/(dashboard)/foundation/family/page.tsx; /api/family -> familyService; prisma/schema.prisma,Confirmed,Needs human verification against running UI and current deployment
FDB-008,Sthapana / Foundation,Family Mandal,Rajya Access Level,memberData.accessRole -> payload.accessLevel,src/app/(dashboard)/foundation/family/page.tsx,/api/family -> familyService,family_members,accessLevel,Transformed,src/app/(dashboard)/foundation/family/page.tsx; /api/family -> familyService; prisma/schema.prisma,Confirmed,Needs human verification against running UI and current deployment
FDB-009,Sthapana / Foundation,Education qualification,Certificate belongs to,selectedPerson -> familyMemberId,src/app/(dashboard)/foundation/education/page.tsx,/api/education -> educationService,education,familyMemberId,Renamed,src/app/(dashboard)/foundation/education/page.tsx; /api/education -> educationService; prisma/schema.prisma,Confirmed,Needs human verification against running UI and current deployment
FDB-010,Sthapana / Foundation,Education qualification,Degree / Certificate,degree,src/app/(dashboard)/foundation/education/page.tsx,/api/education -> educationService,education,degree,Direct,src/app/(dashboard)/foundation/education/page.tsx; /api/education -> educationService; prisma/schema.prisma,Confirmed,Needs human verification against running UI and current deployment
FDB-011,Sthapana / Foundation,Education qualification,Institution / University,institution -> institute,src/app/(dashboard)/foundation/education/page.tsx,/api/education -> educationService,education,institute,Renamed,src/app/(dashboard)/foundation/education/page.tsx; /api/education -> educationService; prisma/schema.prisma,Confirmed,Needs human verification against running UI and current deployment
FDB-012,Sthapana / Foundation,Education qualification,Year,year -> yearCompleted,src/app/(dashboard)/foundation/education/page.tsx,/api/education -> educationService,education,yearCompleted,Transformed,src/app/(dashboard)/foundation/education/page.tsx; /api/education -> educationService; prisma/schema.prisma,Confirmed,Needs human verification against running UI and current deployment
FDB-013,Sthapana / Foundation,Education qualification,Specialization,specialization,src/app/(dashboard)/foundation/education/page.tsx,/api/education -> educationService,education,specialization,Direct,src/app/(dashboard)/foundation/education/page.tsx; /api/education -> educationService; prisma/schema.prisma,Confirmed,Needs human verification against running UI and current deployment
FDB-014,Sthapana / Foundation,Education qualification,Upload certificate,"uploadedCerts[""new""] -> certificateId",src/app/(dashboard)/foundation/education/page.tsx,/api/education -> educationService,education,certificateUrl,Renamed,src/app/(dashboard)/foundation/education/page.tsx; /api/education -> educationService; prisma/schema.prisma,Confirmed,Needs human verification against running UI and current deployment
FDB-015,Sthapana / Foundation,Education qualification,Education Loan?,hasLoan -> linkedLoanId,src/app/(dashboard)/foundation/education/page.tsx,/api/education -> educationService,education,linkedLoanId,Transformed,src/app/(dashboard)/foundation/education/page.tsx; /api/education -> educationService; prisma/schema.prisma; API writes sentinel EDUCATION_LOAN_ACTIVE rather than a loan-account identifier,Confirmed,Needs human verification against running UI and current deployment
FDB-016,Pehchaan,Add identity record,Document Type,docType -> idType,src/app/(dashboard)/pehchaan/records/add/page.tsx,/api/identity -> identityService,identity_records,idType,Transformed,src/app/(dashboard)/pehchaan/records/add/page.tsx; /api/identity -> identityService; prisma/schema.prisma,Confirmed,Needs human verification against running UI and current deployment
FDB-017,Pehchaan,Add identity record,Document Number,docNumber -> numberMasked,src/app/(dashboard)/pehchaan/records/add/page.tsx,/api/identity -> identityService,identity_records,numberMasked,Transformed,src/app/(dashboard)/pehchaan/records/add/page.tsx; /api/identity -> identityService; prisma/schema.prisma,Confirmed,Needs human verification against running UI and current deployment
FDB-018,Pehchaan,Add identity record,Issue Date,issuedDate,src/app/(dashboard)/pehchaan/records/add/page.tsx,/api/identity -> identityService,identity_records,issuedDate,Direct,src/app/(dashboard)/pehchaan/records/add/page.tsx; /api/identity -> identityService; prisma/schema.prisma,Confirmed,Needs human verification against running UI and current deployment
FDB-019,Pehchaan,Add identity record,Expiry Date,expiryDate,src/app/(dashboard)/pehchaan/records/add/page.tsx,/api/identity -> identityService,identity_records,expiryDate,Direct,src/app/(dashboard)/pehchaan/records/add/page.tsx; /api/identity -> identityService; prisma/schema.prisma,Confirmed,Needs human verification against running UI and current deployment
FDB-020,Pehchaan,Add identity record,Place of Issue,placeOfIssue,src/app/(dashboard)/pehchaan/records/add/page.tsx,/api/identity -> identityService,identity_records,placeOfIssue,Direct,src/app/(dashboard)/pehchaan/records/add/page.tsx; /api/identity -> identityService; prisma/schema.prisma,Confirmed,Needs human verification against running UI and current deployment
FDB-021,Pehchaan,Add identity record,DOB on Document,dobOnDoc,src/app/(dashboard)/pehchaan/records/add/page.tsx,/api/identity -> identityService,identity_records,dobOnDoc,Direct,src/app/(dashboard)/pehchaan/records/add/page.tsx; /api/identity -> identityService; prisma/schema.prisma,Confirmed,Needs human verification against running UI and current deployment
FDB-022,Pehchaan,Add identity record,Full Name (on Document),nameOnDoc,src/app/(dashboard)/pehchaan/records/add/page.tsx,/api/identity -> identityService,identity_records,nameOnDoc,Direct,src/app/(dashboard)/pehchaan/records/add/page.tsx; /api/identity -> identityService; prisma/schema.prisma,Confirmed,Needs human verification against running UI and current deployment
FDB-023,Pehchaan,Add identity record,Official Digital Scan,vaultFileId,src/app/(dashboard)/pehchaan/records/add/page.tsx,/api/identity -> identityService,identity_records,vaultFileId,Direct,src/app/(dashboard)/pehchaan/records/add/page.tsx; /api/identity -> identityService; prisma/schema.prisma,Confirmed,Needs human verification against running UI and current deployment
FDB-024,Pehchaan,Add identity record,Document belongs to,selectedFamilyMemberId -> familyMemberId,src/app/(dashboard)/pehchaan/records/add/page.tsx,/api/identity -> identityService,identity_records,familyMemberId,Renamed,src/app/(dashboard)/pehchaan/records/add/page.tsx; /api/identity -> identityService; prisma/schema.prisma,Confirmed,Needs human verification against running UI and current deployment
FDB-025,Kunji / Dwaar,Add portal (configured route),Category,category,src/app/(dashboard)/dwaar/portals/add/page.tsx,CredentialStore.addPortal (browser store); /api/credentials is not called by this page,Not persisted to supplied database by this screen,Not mapped,Local-only,src/app/(dashboard)/dwaar/portals/add/page.tsx; CredentialStore.addPortal (browser store); /api/credentials is not called by this page; prisma/schema.prisma,Confirmed,Needs WD Verification: API-backed credential_records flow exists elsewhere but this configured add page uses a browser store
FDB-026,Kunji / Dwaar,Add portal (configured route),Platform Name,platformName,src/app/(dashboard)/dwaar/portals/add/page.tsx,CredentialStore.addPortal (browser store); /api/credentials is not called by this page,Not persisted to supplied database by this screen,Not mapped,Local-only,src/app/(dashboard)/dwaar/portals/add/page.tsx; CredentialStore.addPortal (browser store); /api/credentials is not called by this page; prisma/schema.prisma,Confirmed,Needs WD Verification: API-backed credential_records flow exists elsewhere but this configured add page uses a browser store
FDB-027,Kunji / Dwaar,Add portal (configured route),Website URL,websiteUrl,src/app/(dashboard)/dwaar/portals/add/page.tsx,CredentialStore.addPortal (browser store); /api/credentials is not called by this page,Not persisted to supplied database by this screen,Not mapped,Local-only,src/app/(dashboard)/dwaar/portals/add/page.tsx; CredentialStore.addPortal (browser store); /api/credentials is not called by this page; prisma/schema.prisma,Confirmed,Needs WD Verification: API-backed credential_records flow exists elsewhere but this configured add page uses a browser store
FDB-028,Kunji / Dwaar,Add portal (configured route),App Link,appLink,src/app/(dashboard)/dwaar/portals/add/page.tsx,CredentialStore.addPortal (browser store); /api/credentials is not called by this page,Not persisted to supplied database by this screen,Not mapped,Local-only,src/app/(dashboard)/dwaar/portals/add/page.tsx; CredentialStore.addPortal (browser store); /api/credentials is not called by this page; prisma/schema.prisma,Confirmed,Needs WD Verification: API-backed credential_records flow exists elsewhere but this configured add page uses a browser store
FDB-029,Kunji / Dwaar,Add portal (configured route),Login ID,loginId,src/app/(dashboard)/dwaar/portals/add/page.tsx,CredentialStore.addPortal (browser store); /api/credentials is not called by this page,Not persisted to supplied database by this screen,Not mapped,Local-only,src/app/(dashboard)/dwaar/portals/add/page.tsx; CredentialStore.addPortal (browser store); /api/credentials is not called by this page; prisma/schema.prisma,Confirmed,Needs WD Verification: API-backed credential_records flow exists elsewhere but this configured add page uses a browser store
FDB-030,Kunji / Dwaar,Add portal (configured route),Registered Mobile,registeredMobileId/newMobile,src/app/(dashboard)/dwaar/portals/add/page.tsx,CredentialStore.addPortal (browser store); /api/credentials is not called by this page,Not persisted to supplied database by this screen,Not mapped,Local-only,src/app/(dashboard)/dwaar/portals/add/page.tsx; CredentialStore.addPortal (browser store); /api/credentials is not called by this page; prisma/schema.prisma,Confirmed,Needs WD Verification: API-backed credential_records flow exists elsewhere but this configured add page uses a browser store
FDB-031,Kunji / Dwaar,Add portal (configured route),Registered Email,registeredEmailId/newEmail,src/app/(dashboard)/dwaar/portals/add/page.tsx,CredentialStore.addPortal (browser store); /api/credentials is not called by this page,Not persisted to supplied database by this screen,Not mapped,Local-only,src/app/(dashboard)/dwaar/portals/add/page.tsx; CredentialStore.addPortal (browser store); /api/credentials is not called by this page; prisma/schema.prisma,Confirmed,Needs WD Verification: API-backed credential_records flow exists elsewhere but this configured add page uses a browser store
FDB-032,Kunji / Dwaar,Add portal (configured route),2FA Type,twoFAType,src/app/(dashboard)/dwaar/portals/add/page.tsx,CredentialStore.addPortal (browser store); /api/credentials is not called by this page,Not persisted to supplied database by this screen,Not mapped,Local-only,src/app/(dashboard)/dwaar/portals/add/page.tsx; CredentialStore.addPortal (browser store); /api/credentials is not called by this page; prisma/schema.prisma,Confirmed,Needs WD Verification: API-backed credential_records flow exists elsewhere but this configured add page uses a browser store
FDB-033,Kosh,Add income source (configured route),Income Type,incomeType,src/app/(dashboard)/kosh/sources/add/page.tsx,IncomeStore.addRecord (browser store),Not persisted to supplied database by this screen,Not mapped,Local-only,src/app/(dashboard)/kosh/sources/add/page.tsx; IncomeStore.addRecord (browser store); prisma/schema.prisma,Confirmed,Needs WD Verification: parallel /api/income and income_streams flow exists but is not called by this configured screen
FDB-034,Kosh,Add income source (configured route),Source Name,sourceName,src/app/(dashboard)/kosh/sources/add/page.tsx,IncomeStore.addRecord (browser store),Not persisted to supplied database by this screen,Not mapped,Local-only,src/app/(dashboard)/kosh/sources/add/page.tsx; IncomeStore.addRecord (browser store); prisma/schema.prisma,Confirmed,Needs WD Verification: parallel /api/income and income_streams flow exists but is not called by this configured screen
FDB-035,Kosh,Add income source (configured route),Frequency,frequency,src/app/(dashboard)/kosh/sources/add/page.tsx,IncomeStore.addRecord (browser store),Not persisted to supplied database by this screen,Not mapped,Local-only,src/app/(dashboard)/kosh/sources/add/page.tsx; IncomeStore.addRecord (browser store); prisma/schema.prisma,Confirmed,Needs WD Verification: parallel /api/income and income_streams flow exists but is not called by this configured screen
FDB-036,Kosh,Add income source (configured route),Gross Income,grossIncome,src/app/(dashboard)/kosh/sources/add/page.tsx,IncomeStore.addRecord (browser store),Not persisted to supplied database by this screen,Not mapped,Local-only,src/app/(dashboard)/kosh/sources/add/page.tsx; IncomeStore.addRecord (browser store); prisma/schema.prisma,Confirmed,Needs WD Verification: parallel /api/income and income_streams flow exists but is not called by this configured screen
FDB-037,Kosh,Add income source (configured route),Deductions,deductions,src/app/(dashboard)/kosh/sources/add/page.tsx,IncomeStore.addRecord (browser store),Not persisted to supplied database by this screen,Not mapped,Local-only,src/app/(dashboard)/kosh/sources/add/page.tsx; IncomeStore.addRecord (browser store); prisma/schema.prisma,Confirmed,Needs WD Verification: parallel /api/income and income_streams flow exists but is not called by this configured screen
FDB-038,Kosh,Add income source (configured route),Credited Bank Account,creditedBank,src/app/(dashboard)/kosh/sources/add/page.tsx,IncomeStore.addRecord (browser store),Not persisted to supplied database by this screen,Not mapped,Local-only,src/app/(dashboard)/kosh/sources/add/page.tsx; IncomeStore.addRecord (browser store); prisma/schema.prisma,Confirmed,Needs WD Verification: parallel /api/income and income_streams flow exists but is not called by this configured screen
FDB-039,Kosh,Add income source (configured route),Risk Level,riskLevel,src/app/(dashboard)/kosh/sources/add/page.tsx,IncomeStore.addRecord (browser store),Not persisted to supplied database by this screen,Not mapped,Local-only,src/app/(dashboard)/kosh/sources/add/page.tsx; IncomeStore.addRecord (browser store); prisma/schema.prisma,Confirmed,Needs WD Verification: parallel /api/income and income_streams flow exists but is not called by this configured screen
FDB-040,Kosh,Add income source (configured route),Expected Growth,expectedGrowth,src/app/(dashboard)/kosh/sources/add/page.tsx,IncomeStore.addRecord (browser store),Not persisted to supplied database by this screen,Not mapped,Local-only,src/app/(dashboard)/kosh/sources/add/page.tsx; IncomeStore.addRecord (browser store); prisma/schema.prisma,Confirmed,Needs WD Verification: parallel /api/income and income_streams flow exists but is not called by this configured screen
FDB-041,Vyaya,Expense API contract,Date,date,src/app/(dashboard)/vyaya/add/page.tsx,/api/expenses -> expenseService,expense_entries,date,Direct,src/app/(dashboard)/vyaya/add/page.tsx; /api/expenses -> expenseService; prisma/schema.prisma,Strong Evidence,Needs WD Verification: configured /vyaya/entry/add route uses a parallel browser store
FDB-042,Vyaya,Expense API contract,Amount,amount,src/app/(dashboard)/vyaya/add/page.tsx,/api/expenses -> expenseService,expense_entries,amount,Direct,src/app/(dashboard)/vyaya/add/page.tsx; /api/expenses -> expenseService; prisma/schema.prisma,Strong Evidence,Needs WD Verification: configured /vyaya/entry/add route uses a parallel browser store
FDB-043,Vyaya,Expense API contract,Category,category,src/app/(dashboard)/vyaya/add/page.tsx,/api/expenses -> expenseService,expense_entries,category,Direct,src/app/(dashboard)/vyaya/add/page.tsx; /api/expenses -> expenseService; prisma/schema.prisma,Strong Evidence,Needs WD Verification: configured /vyaya/entry/add route uses a parallel browser store
FDB-044,Vyaya,Expense API contract,Payment Mode,mode,src/app/(dashboard)/vyaya/add/page.tsx,/api/expenses -> expenseService,expense_entries,mode,Direct,src/app/(dashboard)/vyaya/add/page.tsx; /api/expenses -> expenseService; prisma/schema.prisma,Strong Evidence,Needs WD Verification: configured /vyaya/entry/add route uses a parallel browser store
FDB-045,Vyaya,Expense API contract,Account,accountId,src/app/(dashboard)/vyaya/add/page.tsx,/api/expenses -> expenseService,expense_entries,accountId,Direct,src/app/(dashboard)/vyaya/add/page.tsx; /api/expenses -> expenseService; prisma/schema.prisma,Strong Evidence,Needs WD Verification: configured /vyaya/entry/add route uses a parallel browser store
FDB-046,Vyaya,Expense API contract,Description,description,src/app/(dashboard)/vyaya/add/page.tsx,/api/expenses -> expenseService,expense_entries,description,Direct,src/app/(dashboard)/vyaya/add/page.tsx; /api/expenses -> expenseService; prisma/schema.prisma,Strong Evidence,Needs WD Verification: configured /vyaya/entry/add route uses a parallel browser store
FDB-047,Vyaya,Expense API contract,Recurring,isRecurring,src/app/(dashboard)/vyaya/add/page.tsx,/api/expenses -> expenseService,expense_entries,isRecurring,Direct,src/app/(dashboard)/vyaya/add/page.tsx; /api/expenses -> expenseService; prisma/schema.prisma,Strong Evidence,Needs WD Verification: configured /vyaya/entry/add route uses a parallel browser store
FDB-048,Vyaya,Expense API contract,Frequency,frequency,src/app/(dashboard)/vyaya/add/page.tsx,/api/expenses -> expenseService,expense_entries,frequency,Direct,src/app/(dashboard)/vyaya/add/page.tsx; /api/expenses -> expenseService; prisma/schema.prisma,Strong Evidence,Needs WD Verification: configured /vyaya/entry/add route uses a parallel browser store
FDB-049,Pravah / Khate,Add bank account,Bank Name,bankName,src/app/(dashboard)/khate/accounts/add/page.tsx,bankApi -> /api/bank -> bankService,bank_accounts,bankName,Direct,src/app/(dashboard)/khate/accounts/add/page.tsx; bankApi -> /api/bank -> bankService; prisma/schema.prisma,Strong Evidence,Needs human verification against running UI and current deployment
FDB-050,Pravah / Khate,Add bank account,Account Type,accountType,src/app/(dashboard)/khate/accounts/add/page.tsx,bankApi -> /api/bank -> bankService,bank_accounts,accountType,Direct,src/app/(dashboard)/khate/accounts/add/page.tsx; bankApi -> /api/bank -> bankService; prisma/schema.prisma,Strong Evidence,Needs human verification against running UI and current deployment
FDB-051,Pravah / Khate,Add bank account,Account Last 4 Digits,accountLast4,src/app/(dashboard)/khate/accounts/add/page.tsx,bankApi -> /api/bank -> bankService,bank_accounts,accountLast4,Direct,src/app/(dashboard)/khate/accounts/add/page.tsx; bankApi -> /api/bank -> bankService; prisma/schema.prisma,Strong Evidence,Needs human verification against running UI and current deployment
FDB-052,Pravah / Khate,Add bank account,IFSC,ifsc,src/app/(dashboard)/khate/accounts/add/page.tsx,bankApi -> /api/bank -> bankService,bank_accounts,ifsc,Direct,src/app/(dashboard)/khate/accounts/add/page.tsx; bankApi -> /api/bank -> bankService; prisma/schema.prisma,Strong Evidence,Needs human verification against running UI and current deployment
FDB-053,Pravah / Khate,Add bank account,Nickname,nickname,src/app/(dashboard)/khate/accounts/add/page.tsx,bankApi -> /api/bank -> bankService,bank_accounts,nickname,Direct,src/app/(dashboard)/khate/accounts/add/page.tsx; bankApi -> /api/bank -> bankService; prisma/schema.prisma,Strong Evidence,Needs human verification against running UI and current deployment
FDB-054,Pravah / Khate,Add bank account,Current Balance,currentBalance,src/app/(dashboard)/khate/accounts/add/page.tsx,bankApi -> /api/bank -> bankService,bank_accounts,currentBalance,Direct,src/app/(dashboard)/khate/accounts/add/page.tsx; bankApi -> /api/bank -> bankService; prisma/schema.prisma,Strong Evidence,Needs human verification against running UI and current deployment
FDB-055,Pravah / Khate,Add bank account,Balance As Of,latestBalanceAsOf,src/app/(dashboard)/khate/accounts/add/page.tsx,bankApi -> /api/bank -> bankService,bank_accounts,latestBalanceAsOf,Direct,src/app/(dashboard)/khate/accounts/add/page.tsx; bankApi -> /api/bank -> bankService; prisma/schema.prisma,Strong Evidence,Needs human verification against running UI and current deployment
FDB-056,Pravah / Khate,Add bank account,Primary account,isPrimary,src/app/(dashboard)/khate/accounts/add/page.tsx,bankApi -> /api/bank -> bankService,bank_accounts,isPrimary,Direct,src/app/(dashboard)/khate/accounts/add/page.tsx; bankApi -> /api/bank -> bankService; prisma/schema.prisma,Strong Evidence,Needs human verification against running UI and current deployment
FDB-057,Pravah / Khate,Add bank account,Notes,notes,src/app/(dashboard)/khate/accounts/add/page.tsx,bankApi -> /api/bank -> bankService,bank_accounts,notes,Direct,src/app/(dashboard)/khate/accounts/add/page.tsx; bankApi -> /api/bank -> bankService; prisma/schema.prisma,Strong Evidence,Needs human verification against running UI and current deployment
FDB-058,Raksha,Add insurance policy,Policy Type,formData.type,src/app/(dashboard)/raksha/policies/add/page.tsx,/api/insurance -> insuranceService,insurance_policies,type,Direct,src/app/(dashboard)/raksha/policies/add/page.tsx; /api/insurance -> insuranceService; prisma/schema.prisma,Confirmed,Needs human verification against running UI and current deployment
FDB-059,Raksha,Add insurance policy,Policy Number,formData.policyNumber,src/app/(dashboard)/raksha/policies/add/page.tsx,/api/insurance -> insuranceService,insurance_policies,policyNumber,Direct,src/app/(dashboard)/raksha/policies/add/page.tsx; /api/insurance -> insuranceService; prisma/schema.prisma,Confirmed,Needs human verification against running UI and current deployment
FDB-060,Raksha,Add insurance policy,Insurer Name,formData.insurerName,src/app/(dashboard)/raksha/policies/add/page.tsx,/api/insurance -> insuranceService,insurance_policies,insurerName,Direct,src/app/(dashboard)/raksha/policies/add/page.tsx; /api/insurance -> insuranceService; prisma/schema.prisma,Confirmed,Needs human verification against running UI and current deployment
FDB-061,Raksha,Add insurance policy,Sum Assured,formData.sumAssured,src/app/(dashboard)/raksha/policies/add/page.tsx,/api/insurance -> insuranceService,insurance_policies,sumAssured,Transformed,src/app/(dashboard)/raksha/policies/add/page.tsx; /api/insurance -> insuranceService; prisma/schema.prisma,Confirmed,Needs human verification against running UI and current deployment
FDB-062,Raksha,Add insurance policy,Premium Amount,formData.premium,src/app/(dashboard)/raksha/policies/add/page.tsx,/api/insurance -> insuranceService,insurance_policies,premium,Transformed,src/app/(dashboard)/raksha/policies/add/page.tsx; /api/insurance -> insuranceService; prisma/schema.prisma,Confirmed,Needs human verification against running UI and current deployment
FDB-063,Raksha,Add insurance policy,Premium Frequency,formData.premiumFrequency,src/app/(dashboard)/raksha/policies/add/page.tsx,/api/insurance -> insuranceService,insurance_policies,premiumFrequency,Direct,src/app/(dashboard)/raksha/policies/add/page.tsx; /api/insurance -> insuranceService; prisma/schema.prisma,Confirmed,Needs human verification against running UI and current deployment
FDB-064,Raksha,Add insurance policy,Next Due Date,formData.dueDate,src/app/(dashboard)/raksha/policies/add/page.tsx,/api/insurance -> insuranceService,insurance_policies,dueDate,Direct,src/app/(dashboard)/raksha/policies/add/page.tsx; /api/insurance -> insuranceService; prisma/schema.prisma,Confirmed,Needs human verification against running UI and current deployment
FDB-065,Raksha,Add insurance policy,Maturity Date,formData.maturityDate,src/app/(dashboard)/raksha/policies/add/page.tsx,/api/insurance -> insuranceService,insurance_policies,maturityDate,Direct,src/app/(dashboard)/raksha/policies/add/page.tsx; /api/insurance -> insuranceService; prisma/schema.prisma,Confirmed,Needs human verification against running UI and current deployment
FDB-066,Raksha,Add insurance policy,Primary Nominee,formData.nomineeId,src/app/(dashboard)/raksha/policies/add/page.tsx,/api/insurance -> insuranceService,insurance_policies,nomineeId,Direct,src/app/(dashboard)/raksha/policies/add/page.tsx; /api/insurance -> insuranceService; prisma/schema.prisma,Confirmed,Needs human verification against running UI and current deployment
FDB-067,Raksha,Add insurance policy,Policy document,formData.documentId,src/app/(dashboard)/raksha/policies/add/page.tsx,/api/insurance -> insuranceService,insurance_policies,documentId,Direct,src/app/(dashboard)/raksha/policies/add/page.tsx; /api/insurance -> insuranceService; prisma/schema.prisma,Confirmed,Needs human verification against running UI and current deployment
FDB-068,Rin,Add loan,Loan Type,formData.type,src/app/(dashboard)/rin/loans/add/page.tsx,/api/loans -> loanService,loan_accounts,type,Direct,src/app/(dashboard)/rin/loans/add/page.tsx; /api/loans -> loanService; prisma/schema.prisma,Confirmed,Needs human verification against running UI and current deployment
FDB-069,Rin,Add loan,Lender / Bank Name,formData.lenderName,src/app/(dashboard)/rin/loans/add/page.tsx,/api/loans -> loanService,loan_accounts,lenderName,Direct,src/app/(dashboard)/rin/loans/add/page.tsx; /api/loans -> loanService; prisma/schema.prisma,Confirmed,Needs human verification against running UI and current deployment
FDB-070,Rin,Add loan,Principal Amount,formData.principal,src/app/(dashboard)/rin/loans/add/page.tsx,/api/loans -> loanService,loan_accounts,principal,Transformed,src/app/(dashboard)/rin/loans/add/page.tsx; /api/loans -> loanService; prisma/schema.prisma,Confirmed,Needs human verification against running UI and current deployment
FDB-071,Rin,Add loan,Outstanding Amount,formData.outstandingAmount,src/app/(dashboard)/rin/loans/add/page.tsx,/api/loans -> loanService,loan_accounts,outstandingAmount,Transformed,src/app/(dashboard)/rin/loans/add/page.tsx; /api/loans -> loanService; prisma/schema.prisma,Confirmed,Needs human verification against running UI and current deployment
FDB-072,Rin,Add loan,Monthly EMI,formData.emi,src/app/(dashboard)/rin/loans/add/page.tsx,/api/loans -> loanService,loan_accounts,emi,Transformed,src/app/(dashboard)/rin/loans/add/page.tsx; /api/loans -> loanService; prisma/schema.prisma,Confirmed,Needs human verification against running UI and current deployment
FDB-073,Rin,Add loan,Interest Rate,formData.interestRate,src/app/(dashboard)/rin/loans/add/page.tsx,/api/loans -> loanService,loan_accounts,interestRate,Transformed,src/app/(dashboard)/rin/loans/add/page.tsx; /api/loans -> loanService; prisma/schema.prisma,Confirmed,Needs human verification against running UI and current deployment
FDB-074,Rin,Add loan,Tenure,formData.tenure,src/app/(dashboard)/rin/loans/add/page.tsx,/api/loans -> loanService,loan_accounts,tenure,Transformed,src/app/(dashboard)/rin/loans/add/page.tsx; /api/loans -> loanService; prisma/schema.prisma,Confirmed,Needs human verification against running UI and current deployment
FDB-075,Rin,Add loan,Start Date,formData.startDate,src/app/(dashboard)/rin/loans/add/page.tsx,/api/loans -> loanService,loan_accounts,startDate,Direct,src/app/(dashboard)/rin/loans/add/page.tsx; /api/loans -> loanService; prisma/schema.prisma,Confirmed,Needs human verification against running UI and current deployment
FDB-076,Rin,Add loan,End Date,formData.endDate,src/app/(dashboard)/rin/loans/add/page.tsx,/api/loans -> loanService,loan_accounts,endDate,Direct,src/app/(dashboard)/rin/loans/add/page.tsx; /api/loans -> loanService; prisma/schema.prisma,Confirmed,Needs human verification against running UI and current deployment
FDB-077,Rin,Add loan,Linked Property,formData.linkedPropertyId,src/app/(dashboard)/rin/loans/add/page.tsx,/api/loans -> loanService,loan_accounts,linkedPropertyId,Direct,src/app/(dashboard)/rin/loans/add/page.tsx; /api/loans -> loanService; prisma/schema.prisma,Confirmed,Needs human verification against running UI and current deployment
FDB-078,Rin,Add loan,Loan document,formData.documentId,src/app/(dashboard)/rin/loans/add/page.tsx,/api/loans -> loanService,loan_accounts,documentId,Direct,src/app/(dashboard)/rin/loans/add/page.tsx; /api/loans -> loanService; prisma/schema.prisma,Confirmed,Needs human verification against running UI and current deployment
FDB-079,Bhoomi,Add property,Property title,propertyTitle -> service propertyTitle -> address,src/app/(dashboard)/bhoomi/add/page.tsx,/api/bhoomi/properties -> bhoomiService,property_assets,address,Renamed,src/app/(dashboard)/bhoomi/add/page.tsx; /api/bhoomi/properties -> bhoomiService; prisma/schema.prisma,Confirmed,Needs human verification against running UI and current deployment
FDB-080,Bhoomi,Add property,Property type,propertyType -> type,src/app/(dashboard)/bhoomi/add/page.tsx,/api/bhoomi/properties -> bhoomiService,property_assets,type,Renamed,src/app/(dashboard)/bhoomi/add/page.tsx; /api/bhoomi/properties -> bhoomiService; prisma/schema.prisma,Confirmed,Needs human verification against running UI and current deployment
FDB-081,Bhoomi,Add property,Ownership,ownershipType,src/app/(dashboard)/bhoomi/add/page.tsx,/api/bhoomi/properties -> bhoomiService,property_assets,ownershipType,Direct,src/app/(dashboard)/bhoomi/add/page.tsx; /api/bhoomi/properties -> bhoomiService; prisma/schema.prisma,Confirmed,Needs human verification against running UI and current deployment
FDB-082,Bhoomi,Add property,Market value,marketValue -> currentValue,src/app/(dashboard)/bhoomi/add/page.tsx,/api/bhoomi/properties -> bhoomiService,property_assets,currentValue,Renamed,src/app/(dashboard)/bhoomi/add/page.tsx; /api/bhoomi/properties -> bhoomiService; prisma/schema.prisma,Confirmed,Needs human verification against running UI and current deployment
FDB-083,Bhoomi,Add property,Purchase price,purchasePrice -> purchaseAmount,src/app/(dashboard)/bhoomi/add/page.tsx,/api/bhoomi/properties -> bhoomiService,property_assets,purchaseAmount,Renamed,src/app/(dashboard)/bhoomi/add/page.tsx; /api/bhoomi/properties -> bhoomiService; prisma/schema.prisma,Confirmed,Needs human verification against running UI and current deployment
FDB-084,Bhoomi,Add property,Purchase date,purchaseDate,src/app/(dashboard)/bhoomi/add/page.tsx,/api/bhoomi/properties -> bhoomiService,property_assets,purchaseDate,Direct,src/app/(dashboard)/bhoomi/add/page.tsx; /api/bhoomi/properties -> bhoomiService; prisma/schema.prisma,Confirmed,Needs human verification against running UI and current deployment
FDB-085,Bhoomi,Add property,Linked loan,loanId -> linkedLoanId,src/app/(dashboard)/bhoomi/add/page.tsx,/api/bhoomi/properties -> bhoomiService,property_assets,linkedLoanId,Renamed,src/app/(dashboard)/bhoomi/add/page.tsx; /api/bhoomi/properties -> bhoomiService; prisma/schema.prisma,Confirmed,Needs human verification against running UI and current deployment
FDB-086,Bhoomi,Add property,Annual carrying costs,carryingCostsAnnual -> annualCosts,src/app/(dashboard)/bhoomi/add/page.tsx,/api/bhoomi/properties -> bhoomiService,property_assets,annualCosts,Renamed,src/app/(dashboard)/bhoomi/add/page.tsx; /api/bhoomi/properties -> bhoomiService; prisma/schema.prisma,Confirmed,Needs human verification against running UI and current deployment
FDB-087,Bhoomi,Add property,Annual rental income,rentalIncomeAnnual -> rentalIncome,src/app/(dashboard)/bhoomi/add/page.tsx,/api/bhoomi/properties -> bhoomiService,property_assets,rentalIncome,Renamed,src/app/(dashboard)/bhoomi/add/page.tsx; /api/bhoomi/properties -> bhoomiService; prisma/schema.prisma,Confirmed,Needs human verification against running UI and current deployment
FDB-088,Bhoomi,Add property,Documents,vaultFileIds,src/app/(dashboard)/bhoomi/add/page.tsx,/api/bhoomi/properties -> bhoomiService,property_assets,vaultFileIds,Direct,src/app/(dashboard)/bhoomi/add/page.tsx; /api/bhoomi/properties -> bhoomiService; prisma/schema.prisma,Confirmed,Needs human verification against running UI and current deployment
FDB-089,Bhoomi,Add property,Secret field,secretFieldValue -> secretFieldId,src/app/(dashboard)/bhoomi/add/page.tsx,/api/bhoomi/properties -> bhoomiService,property_assets,secretFieldId,Renamed,src/app/(dashboard)/bhoomi/add/page.tsx; /api/bhoomi/properties -> bhoomiService; prisma/schema.prisma,Confirmed,Needs human verification against running UI and current deployment
FDB-090,Kar,Add ITR record,Assessment Year,form.assessmentYear,src/app/(dashboard)/kar/itr/new/page.tsx,/api/tax/records -> prisma.taxRecord,tax_records,assessmentYear,Direct,src/app/(dashboard)/kar/itr/new/page.tsx; /api/tax/records -> prisma.taxRecord; prisma/schema.prisma,Confirmed,Needs human verification against running UI and current deployment
FDB-091,Kar,Add ITR record,Financial Year,form.financialYear,src/app/(dashboard)/kar/itr/new/page.tsx,/api/tax/records -> prisma.taxRecord,tax_records,financialYear,Direct,src/app/(dashboard)/kar/itr/new/page.tsx; /api/tax/records -> prisma.taxRecord; prisma/schema.prisma,Confirmed,Needs human verification against running UI and current deployment
FDB-092,Kar,Add ITR record,Filing status,form.filingStatus -> status,src/app/(dashboard)/kar/itr/new/page.tsx,/api/tax/records -> prisma.taxRecord,tax_records,status,Renamed,src/app/(dashboard)/kar/itr/new/page.tsx; /api/tax/records -> prisma.taxRecord; prisma/schema.prisma,Confirmed,Needs human verification against running UI and current deployment
FDB-093,Kar,Add ITR record,ITR Type,form.itrType -> filingType,src/app/(dashboard)/kar/itr/new/page.tsx,/api/tax/records -> prisma.taxRecord,tax_records,filingType,Renamed,src/app/(dashboard)/kar/itr/new/page.tsx; /api/tax/records -> prisma.taxRecord; prisma/schema.prisma,Confirmed,Needs human verification against running UI and current deployment
FDB-094,Kar,Add ITR record,Filing Date,form.filingDate,src/app/(dashboard)/kar/itr/new/page.tsx,/api/tax/records -> prisma.taxRecord,tax_records,filingDate,Direct,src/app/(dashboard)/kar/itr/new/page.tsx; /api/tax/records -> prisma.taxRecord; prisma/schema.prisma,Confirmed,Needs human verification against running UI and current deployment
FDB-095,Kar,Add ITR record,Tax payable,form.taxPayable -> taxDue,src/app/(dashboard)/kar/itr/new/page.tsx,/api/tax/records -> prisma.taxRecord,tax_records,taxDue,Renamed,src/app/(dashboard)/kar/itr/new/page.tsx; /api/tax/records -> prisma.taxRecord; prisma/schema.prisma,Confirmed,Needs human verification against running UI and current deployment
FDB-096,Kar,Add ITR record,Tax paid,form.taxPaid,src/app/(dashboard)/kar/itr/new/page.tsx,/api/tax/records -> prisma.taxRecord,tax_records,taxPaid,Direct,src/app/(dashboard)/kar/itr/new/page.tsx; /api/tax/records -> prisma.taxRecord; prisma/schema.prisma,Confirmed,Needs human verification against running UI and current deployment
FDB-097,Kar,Add ITR record,Acknowledgement Number,form.acknowledgementNumber,src/app/(dashboard)/kar/itr/new/page.tsx,/api/tax/records -> prisma.taxRecord,tax_records,acknowledgementNumber,Direct,src/app/(dashboard)/kar/itr/new/page.tsx; /api/tax/records -> prisma.taxRecord; prisma/schema.prisma,Confirmed,Needs human verification against running UI and current deployment
FDB-098,Kar,Add ITR record,Document,form.documentId -> documentUrl,src/app/(dashboard)/kar/itr/new/page.tsx,/api/tax/records -> prisma.taxRecord,tax_records,documentUrl,Renamed,src/app/(dashboard)/kar/itr/new/page.tsx; /api/tax/records -> prisma.taxRecord; prisma/schema.prisma,Confirmed,Needs human verification against running UI and current deployment
FDB-099,Kar,Add GST record,GSTIN,form.gstin,src/app/(dashboard)/kar/gst/new/page.tsx,/api/gst/records -> prisma.gstRecord,gst_records,gstin,Direct,src/app/(dashboard)/kar/gst/new/page.tsx; /api/gst/records -> prisma.gstRecord; prisma/schema.prisma,Confirmed,Needs human verification against running UI and current deployment
FDB-100,Kar,Add GST record,Business name,form.businessName,src/app/(dashboard)/kar/gst/new/page.tsx,/api/gst/records -> prisma.gstRecord,gst_records,businessName,Direct,src/app/(dashboard)/kar/gst/new/page.tsx; /api/gst/records -> prisma.gstRecord; prisma/schema.prisma,Confirmed,Needs human verification against running UI and current deployment
FDB-101,Kar,Add GST record,Filing frequency,form.filingFrequency,src/app/(dashboard)/kar/gst/new/page.tsx,/api/gst/records -> prisma.gstRecord,gst_records,filingFrequency,Direct,src/app/(dashboard)/kar/gst/new/page.tsx; /api/gst/records -> prisma.gstRecord; prisma/schema.prisma,Confirmed,Needs human verification against running UI and current deployment
FDB-102,Kar,Add GST record,Last filing date,form.lastFilingDate,src/app/(dashboard)/kar/gst/new/page.tsx,/api/gst/records -> prisma.gstRecord,gst_records,lastFilingDate,Transformed,src/app/(dashboard)/kar/gst/new/page.tsx; /api/gst/records -> prisma.gstRecord; prisma/schema.prisma,Confirmed,Needs human verification against running UI and current deployment
FDB-103,Kar,Add GST record,Next due date,form.nextDueDate,src/app/(dashboard)/kar/gst/new/page.tsx,/api/gst/records -> prisma.gstRecord,gst_records,nextDueDate,Transformed,src/app/(dashboard)/kar/gst/new/page.tsx; /api/gst/records -> prisma.gstRecord; prisma/schema.prisma,Confirmed,Needs human verification against running UI and current deployment
FDB-104,Kar,Add GST record,GSTR-1 Filed?,form.gstr1Filed,src/app/(dashboard)/kar/gst/new/page.tsx,/api/gst/records -> prisma.gstRecord,gst_records,gstr1Filed,Transformed,src/app/(dashboard)/kar/gst/new/page.tsx; /api/gst/records -> prisma.gstRecord; prisma/schema.prisma,Confirmed,Needs human verification against running UI and current deployment
FDB-105,Kar,Add GST record,GSTR-3B Filed?,form.gstr3bFiled,src/app/(dashboard)/kar/gst/new/page.tsx,/api/gst/records -> prisma.gstRecord,gst_records,gstr3bFiled,Transformed,src/app/(dashboard)/kar/gst/new/page.tsx; /api/gst/records -> prisma.gstRecord; prisma/schema.prisma,Confirmed,Needs human verification against running UI and current deployment
FDB-106,Kar,Add GST record,Annual Return Filed?,form.annualReturnFiled,src/app/(dashboard)/kar/gst/new/page.tsx,/api/gst/records -> prisma.gstRecord,gst_records,annualReturnFiled,Transformed,src/app/(dashboard)/kar/gst/new/page.tsx; /api/gst/records -> prisma.gstRecord; prisma/schema.prisma,Confirmed,Needs human verification against running UI and current deployment
FDB-107,Kar,Add GST record,Status,form.status,src/app/(dashboard)/kar/gst/new/page.tsx,/api/gst/records -> prisma.gstRecord,gst_records,status,Direct,src/app/(dashboard)/kar/gst/new/page.tsx; /api/gst/records -> prisma.gstRecord; prisma/schema.prisma,Confirmed,Needs human verification against running UI and current deployment
FDB-108,Kar,Add DIN record,DIN Number,form.dinNumber,src/app/(dashboard)/kar/din/new/page.tsx,/api/din/records -> prisma.dinRecord,din_records,dinNumber,Direct,src/app/(dashboard)/kar/din/new/page.tsx; /api/din/records -> prisma.dinRecord; prisma/schema.prisma,Confirmed,Needs human verification against running UI and current deployment
FDB-109,Kar,Add DIN record,Company Name,form.companyName,src/app/(dashboard)/kar/din/new/page.tsx,/api/din/records -> prisma.dinRecord,din_records,companyName,Direct,src/app/(dashboard)/kar/din/new/page.tsx; /api/din/records -> prisma.dinRecord; prisma/schema.prisma,Confirmed,Needs human verification against running UI and current deployment
FDB-110,Kar,Add DIN record,Issue Date,form.issueDate,src/app/(dashboard)/kar/din/new/page.tsx,/api/din/records -> prisma.dinRecord,din_records,issueDate,Transformed,src/app/(dashboard)/kar/din/new/page.tsx; /api/din/records -> prisma.dinRecord; prisma/schema.prisma,Confirmed,Needs human verification against running UI and current deployment
FDB-111,Kar,Add DIN record,Expiry Date,form.expiryDate,src/app/(dashboard)/kar/din/new/page.tsx,/api/din/records -> prisma.dinRecord,din_records,expiryDate,Transformed,src/app/(dashboard)/kar/din/new/page.tsx; /api/din/records -> prisma.dinRecord; prisma/schema.prisma,Confirmed,Needs human verification against running UI and current deployment
FDB-112,Kar,Add DIN record,DIN KYC Status,form.dinKycStatus,src/app/(dashboard)/kar/din/new/page.tsx,/api/din/records -> prisma.dinRecord,din_records,dinKycStatus,Direct,src/app/(dashboard)/kar/din/new/page.tsx; /api/din/records -> prisma.dinRecord; prisma/schema.prisma,Confirmed,Needs human verification against running UI and current deployment
FDB-113,Kar,Add DIN record,DSC Expiry Date,form.dscExpiryDate,src/app/(dashboard)/kar/din/new/page.tsx,/api/din/records -> prisma.dinRecord,din_records,dscExpiryDate,Transformed,src/app/(dashboard)/kar/din/new/page.tsx; /api/din/records -> prisma.dinRecord; prisma/schema.prisma,Confirmed,Needs human verification against running UI and current deployment
FDB-114,Kar,Add DIN record,MCA Filing Status,form.mcaFilingStatus,src/app/(dashboard)/kar/din/new/page.tsx,/api/din/records -> prisma.dinRecord,din_records,mcaFilingStatus,Direct,src/app/(dashboard)/kar/din/new/page.tsx; /api/din/records -> prisma.dinRecord; prisma/schema.prisma,Confirmed,Needs human verification against running UI and current deployment
FDB-115,Kar,Add DIN record,Director Since,form.directorSince,src/app/(dashboard)/kar/din/new/page.tsx,/api/din/records -> prisma.dinRecord,din_records,directorSince,Transformed,src/app/(dashboard)/kar/din/new/page.tsx; /api/din/records -> prisma.dinRecord; prisma/schema.prisma,Confirmed,Needs human verification against running UI and current deployment
FDB-116,Kar,Add DIN record,Status,form.status,src/app/(dashboard)/kar/din/new/page.tsx,/api/din/records -> prisma.dinRecord,din_records,status,Direct,src/app/(dashboard)/kar/din/new/page.tsx; /api/din/records -> prisma.dinRecord; prisma/schema.prisma,Confirmed,Needs human verification against running UI and current deployment
FDB-117,Uttaradhikar Sabha / Succession,Nominee mapping,Asset,selectedAssetId -> assetId,src/app/(dashboard)/succession/nominees/page.tsx,/api/succession/nominees -> prisma.successionNominee,succession_nominees,assetId,Renamed,src/app/(dashboard)/succession/nominees/page.tsx; /api/succession/nominees -> prisma.successionNominee; prisma/schema.prisma,Confirmed,Needs human verification against running UI and current deployment
FDB-118,Uttaradhikar Sabha / Succession,Nominee mapping,Asset type,selectedAsset.type -> assetType,src/app/(dashboard)/succession/nominees/page.tsx,/api/succession/nominees -> prisma.successionNominee,succession_nominees,assetType,Renamed,src/app/(dashboard)/succession/nominees/page.tsx; /api/succession/nominees -> prisma.successionNominee; prisma/schema.prisma,Confirmed,Needs human verification against running UI and current deployment
FDB-119,Uttaradhikar Sabha / Succession,Nominee mapping,Nominee,selectedNomineeId -> nomineeId,src/app/(dashboard)/succession/nominees/page.tsx,/api/succession/nominees -> prisma.successionNominee,succession_nominees,nomineeId,Renamed,src/app/(dashboard)/succession/nominees/page.tsx; /api/succession/nominees -> prisma.successionNominee; prisma/schema.prisma,Confirmed,Needs human verification against running UI and current deployment
FDB-120,Uttaradhikar Sabha / Succession,Nominee mapping,Nominee name,derived family member name,src/app/(dashboard)/succession/nominees/page.tsx,/api/succession/nominees -> prisma.successionNominee,succession_nominees,nomineeName,Derived,src/app/(dashboard)/succession/nominees/page.tsx; /api/succession/nominees -> prisma.successionNominee; prisma/schema.prisma,Confirmed,Needs human verification against running UI and current deployment
FDB-121,Uttaradhikar Sabha / Succession,Nominee mapping,Relationship,relationship,src/app/(dashboard)/succession/nominees/page.tsx,/api/succession/nominees -> prisma.successionNominee,succession_nominees,relationship,Direct,src/app/(dashboard)/succession/nominees/page.tsx; /api/succession/nominees -> prisma.successionNominee; prisma/schema.prisma,Confirmed,Needs human verification against running UI and current deployment
FDB-122,Uttaradhikar Sabha / Succession,Nominee mapping,Share percentage,sharePercentage,src/app/(dashboard)/succession/nominees/page.tsx,/api/succession/nominees -> prisma.successionNominee,succession_nominees,sharePercentage,Direct,src/app/(dashboard)/succession/nominees/page.tsx; /api/succession/nominees -> prisma.successionNominee; prisma/schema.prisma,Confirmed,Needs human verification against running UI and current deployment
FDB-123,Uttaradhikar Sabha / Succession,Will details,I have a legally signed will document,willExists,src/app/(dashboard)/succession/will/page.tsx,/api/succession/will -> prisma.successionWill,succession_wills,willExists,Direct,src/app/(dashboard)/succession/will/page.tsx; /api/succession/will -> prisma.successionWill; prisma/schema.prisma,Confirmed,Needs human verification against running UI and current deployment
FDB-124,Uttaradhikar Sabha / Succession,Will details,Executor name,executorName,src/app/(dashboard)/succession/will/page.tsx,/api/succession/will -> prisma.successionWill,succession_wills,executorName,Direct,src/app/(dashboard)/succession/will/page.tsx; /api/succession/will -> prisma.successionWill; prisma/schema.prisma,Confirmed,Needs human verification against running UI and current deployment
FDB-125,Uttaradhikar Sabha / Succession,Will details,Executor contact,executorContact,src/app/(dashboard)/succession/will/page.tsx,/api/succession/will -> prisma.successionWill,succession_wills,executorContact,Direct,src/app/(dashboard)/succession/will/page.tsx; /api/succession/will -> prisma.successionWill; prisma/schema.prisma,Confirmed,Needs human verification against running UI and current deployment
FDB-126,Uttaradhikar Sabha / Succession,Will details,Witness names,witnessNames -> string[],src/app/(dashboard)/succession/will/page.tsx,/api/succession/will -> prisma.successionWill,succession_wills,witnessNames,Transformed,src/app/(dashboard)/succession/will/page.tsx; /api/succession/will -> prisma.successionWill; prisma/schema.prisma,Confirmed,Needs human verification against running UI and current deployment
FDB-127,Uttaradhikar Sabha / Succession,Will details,Upload document,digitalCopyUrl,src/app/(dashboard)/succession/will/page.tsx,/api/succession/will -> prisma.successionWill,succession_wills,digitalCopyUrl,Direct,src/app/(dashboard)/succession/will/page.tsx; /api/succession/will -> prisma.successionWill; prisma/schema.prisma,Confirmed,Needs human verification against running UI and current deployment
FDB-128,Uttaradhikar Sabha / Succession,Emergency protocol,Primary contact name,data.emergencyContactName,src/app/(dashboard)/succession/emergency/page.tsx,/api/succession/emergency -> prisma.successionEmergency,succession_emergency,emergencyContactName,Direct,src/app/(dashboard)/succession/emergency/page.tsx; /api/succession/emergency -> prisma.successionEmergency; prisma/schema.prisma,Confirmed,Needs human verification against running UI and current deployment
FDB-129,Uttaradhikar Sabha / Succession,Emergency protocol,Primary contact phone,data.emergencyContactPhone,src/app/(dashboard)/succession/emergency/page.tsx,/api/succession/emergency -> prisma.successionEmergency,succession_emergency,emergencyContactPhone,Direct,src/app/(dashboard)/succession/emergency/page.tsx; /api/succession/emergency -> prisma.successionEmergency; prisma/schema.prisma,Confirmed,Needs human verification against running UI and current deployment
FDB-130,Uttaradhikar Sabha / Succession,Emergency protocol,Backup contact name,data.secondaryContactName,src/app/(dashboard)/succession/emergency/page.tsx,/api/succession/emergency -> prisma.successionEmergency,succession_emergency,secondaryContactName,Direct,src/app/(dashboard)/succession/emergency/page.tsx; /api/succession/emergency -> prisma.successionEmergency; prisma/schema.prisma,Confirmed,Needs human verification against running UI and current deployment
FDB-131,Uttaradhikar Sabha / Succession,Emergency protocol,Backup phone,data.secondaryContactPhone,src/app/(dashboard)/succession/emergency/page.tsx,/api/succession/emergency -> prisma.successionEmergency,succession_emergency,secondaryContactPhone,Direct,src/app/(dashboard)/succession/emergency/page.tsx; /api/succession/emergency -> prisma.successionEmergency; prisma/schema.prisma,Confirmed,Needs human verification against running UI and current deployment
FDB-132,Uttaradhikar Sabha / Succession,Emergency protocol,Verification method,data.verificationMethod,src/app/(dashboard)/succession/emergency/page.tsx,/api/succession/emergency -> prisma.successionEmergency,succession_emergency,verificationMethod,Direct,src/app/(dashboard)/succession/emergency/page.tsx; /api/succession/emergency -> prisma.successionEmergency; prisma/schema.prisma,Confirmed,Needs human verification against running UI and current deployment
FDB-133,Uttaradhikar Sabha / Succession,Emergency protocol,Activation delay,data.activationWaitingPeriod,src/app/(dashboard)/succession/emergency/page.tsx,/api/succession/emergency -> prisma.successionEmergency,succession_emergency,activationWaitingPeriod,Transformed,src/app/(dashboard)/succession/emergency/page.tsx; /api/succession/emergency -> prisma.successionEmergency; prisma/schema.prisma,Confirmed,Needs human verification against running UI and current deployment
FDB-134,Uttaradhikar Sabha / Succession,Emergency protocol,Protected scopes,data.assetAccessScope,src/app/(dashboard)/succession/emergency/page.tsx,/api/succession/emergency -> prisma.successionEmergency,succession_emergency,assetAccessScope,Direct,src/app/(dashboard)/succession/emergency/page.tsx; /api/succession/emergency -> prisma.successionEmergency; prisma/schema.prisma,Confirmed,Needs human verification against running UI and current deployment
FDB-135,Mitra,Will status,Do you have a legally signed Will?,exists -> existsFlag,src/app/(dashboard)/mitra/will/page.tsx,/api/will -> willService,will_status,existsFlag,Renamed,src/app/(dashboard)/mitra/will/page.tsx; /api/will -> willService; prisma/schema.prisma,Confirmed,Needs human verification against running UI and current deployment
FDB-136,Mitra,Will status,Will Location,location,src/app/(dashboard)/mitra/will/page.tsx,/api/will -> willService,will_status,location,Direct,src/app/(dashboard)/mitra/will/page.tsx; /api/will -> willService; prisma/schema.prisma,Confirmed,Needs human verification against running UI and current deployment
FDB-137,Mitra,Will status,Executor Name,executorName,src/app/(dashboard)/mitra/will/page.tsx,/api/will -> willService,will_status,executorName,Direct,src/app/(dashboard)/mitra/will/page.tsx; /api/will -> willService; prisma/schema.prisma,Confirmed,Needs human verification against running UI and current deployment
FDB-138,Mitra,Will status,Executor Contact,executorContact,src/app/(dashboard)/mitra/will/page.tsx,/api/will -> willService,will_status,executorContact,Direct,src/app/(dashboard)/mitra/will/page.tsx; /api/will -> willService; prisma/schema.prisma,Confirmed,Needs human verification against running UI and current deployment
FDB-139,Mitra,Will status,Last Review Date,lastReviewDate,src/app/(dashboard)/mitra/will/page.tsx,/api/will -> willService,will_status,lastReviewDate,Transformed,src/app/(dashboard)/mitra/will/page.tsx; /api/will -> willService; prisma/schema.prisma,Confirmed,Needs human verification against running UI and current deployment
FDB-140,Mitra,Will status,Special/Emergency Instructions,instructions,src/app/(dashboard)/mitra/will/page.tsx,/api/will -> willService,will_status,instructions,Direct,src/app/(dashboard)/mitra/will/page.tsx; /api/will -> willService; prisma/schema.prisma,Confirmed,Needs human verification against running UI and current deployment
FDB-141,Mitra,Assign nominee to asset,Asset,selectedAsset.id -> assetRef,src/app/(dashboard)/mitra/assets/page.tsx,/api/nominee -> nomineeService,nominee_mapping,assetRef,Renamed,src/app/(dashboard)/mitra/assets/page.tsx; /api/nominee -> nomineeService; prisma/schema.prisma,Confirmed,Needs human verification against running UI and current deployment
FDB-142,Mitra,Assign nominee to asset,Asset Type,selectedAsset.type -> assetType,src/app/(dashboard)/mitra/assets/page.tsx,/api/nominee -> nomineeService,nominee_mapping,assetType,Renamed,src/app/(dashboard)/mitra/assets/page.tsx; /api/nominee -> nomineeService; prisma/schema.prisma,Confirmed,Needs human verification against running UI and current deployment
FDB-143,Mitra,Assign nominee to asset,Select Family Member,selectedNomineeId -> nomineeId,src/app/(dashboard)/mitra/assets/page.tsx,/api/nominee -> nomineeService,nominee_mapping,nomineeId,Renamed,src/app/(dashboard)/mitra/assets/page.tsx; /api/nominee -> nomineeService; prisma/schema.prisma,Confirmed,Needs human verification against running UI and current deployment
FDB-144,Mitra,Assign nominee to asset,Share Percentage,sharePercent,src/app/(dashboard)/mitra/assets/page.tsx,/api/nominee -> nomineeService,nominee_mapping,sharePercent,Transformed,src/app/(dashboard)/mitra/assets/page.tsx; /api/nominee -> nomineeService; prisma/schema.prisma,Confirmed,Needs human verification against running UI and current deployment
FDB-145,Mitra,Assign nominee to asset,Search by asset name or details,searchQuery,src/app/(dashboard)/mitra/assets/page.tsx,/api/nominee -> nomineeService,nominee_mapping,Not stored,UI-only,src/app/(dashboard)/mitra/assets/page.tsx; /api/nominee -> nomineeService; prisma/schema.prisma,Confirmed,Needs human verification against running UI and current deployment
FDB-146,Leakage,Subscription tracker (configured route),Name,name,src/app/(dashboard)/leakage/subscriptions/page.tsx,ExpenseStore.addSubscription (browser store); /api/subscriptions is read by /leakage,Not persisted to subscriptions by this screen,Not mapped,Local-only,src/app/(dashboard)/leakage/subscriptions/page.tsx; ExpenseStore.addSubscription (browser store); /api/subscriptions is read by /leakage; prisma/schema.prisma,Confirmed,"Needs WD Verification: subscriptions table/API exists, but this configured add form writes ExpenseStore"
FDB-147,Leakage,Subscription tracker (configured route),Category,categoryId,src/app/(dashboard)/leakage/subscriptions/page.tsx,ExpenseStore.addSubscription (browser store); /api/subscriptions is read by /leakage,Not persisted to subscriptions by this screen,Not mapped,Local-only,src/app/(dashboard)/leakage/subscriptions/page.tsx; ExpenseStore.addSubscription (browser store); /api/subscriptions is read by /leakage; prisma/schema.prisma,Confirmed,"Needs WD Verification: subscriptions table/API exists, but this configured add form writes ExpenseStore"
FDB-148,Leakage,Subscription tracker (configured route),Monthly Cost,amount,src/app/(dashboard)/leakage/subscriptions/page.tsx,ExpenseStore.addSubscription (browser store); /api/subscriptions is read by /leakage,Not persisted to subscriptions by this screen,Not mapped,Local-only,src/app/(dashboard)/leakage/subscriptions/page.tsx; ExpenseStore.addSubscription (browser store); /api/subscriptions is read by /leakage; prisma/schema.prisma,Confirmed,"Needs WD Verification: subscriptions table/API exists, but this configured add form writes ExpenseStore"
FDB-149,Leakage,Subscription tracker (configured route),Renewal Date,renewalDate,src/app/(dashboard)/leakage/subscriptions/page.tsx,ExpenseStore.addSubscription (browser store); /api/subscriptions is read by /leakage,Not persisted to subscriptions by this screen,Not mapped,Local-only,src/app/(dashboard)/leakage/subscriptions/page.tsx; ExpenseStore.addSubscription (browser store); /api/subscriptions is read by /leakage; prisma/schema.prisma,Confirmed,"Needs WD Verification: subscriptions table/API exists, but this configured add form writes ExpenseStore"
FDB-150,Leakage,Subscription tracker (configured route),Last Used,lastUsedDate,src/app/(dashboard)/leakage/subscriptions/page.tsx,ExpenseStore.addSubscription (browser store); /api/subscriptions is read by /leakage,Not persisted to subscriptions by this screen,Not mapped,Local-only,src/app/(dashboard)/leakage/subscriptions/page.tsx; ExpenseStore.addSubscription (browser store); /api/subscriptions is read by /leakage; prisma/schema.prisma,Confirmed,"Needs WD Verification: subscriptions table/API exists, but this configured add form writes ExpenseStore"
FDB-151,Leakage,Subscription tracker (configured route),Auto-Debit Bank,autoDebitBank,src/app/(dashboard)/leakage/subscriptions/page.tsx,ExpenseStore.addSubscription (browser store); /api/subscriptions is read by /leakage,Not persisted to subscriptions by this screen,Not mapped,Local-only,src/app/(dashboard)/leakage/subscriptions/page.tsx; ExpenseStore.addSubscription (browser store); /api/subscriptions is read by /leakage; prisma/schema.prisma,Confirmed,"Needs WD Verification: subscriptions table/API exists, but this configured add form writes ExpenseStore"
FDB-152,Sampatti,Asset inventory,Asset name,asset.name,src/app/(dashboard)/sampatti/page.tsx,useSampattiStore (Zustand persisted browser state),Not persisted to asset_inventory by this screen,Not mapped,Local-only,src/app/(dashboard)/sampatti/page.tsx; useSampattiStore (Zustand persisted browser state); prisma/schema.prisma,Confirmed,Needs WD Verification: Prisma AssetInventory exists but no Sampatti API route connects this page
FDB-153,Sampatti,Asset inventory,Asset category,asset.category,src/app/(dashboard)/sampatti/page.tsx,useSampattiStore (Zustand persisted browser state),Not persisted to asset_inventory by this screen,Not mapped,Local-only,src/app/(dashboard)/sampatti/page.tsx; useSampattiStore (Zustand persisted browser state); prisma/schema.prisma,Confirmed,Needs WD Verification: Prisma AssetInventory exists but no Sampatti API route connects this page
FDB-154,Sampatti,Asset inventory,Purchase value,asset.purchaseValue,src/app/(dashboard)/sampatti/page.tsx,useSampattiStore (Zustand persisted browser state),Not persisted to asset_inventory by this screen,Not mapped,Local-only,src/app/(dashboard)/sampatti/page.tsx; useSampattiStore (Zustand persisted browser state); prisma/schema.prisma,Confirmed,Needs WD Verification: Prisma AssetInventory exists but no Sampatti API route connects this page
FDB-155,Sampatti,Asset inventory,Current value,asset.currentValue,src/app/(dashboard)/sampatti/page.tsx,useSampattiStore (Zustand persisted browser state),Not persisted to asset_inventory by this screen,Not mapped,Local-only,src/app/(dashboard)/sampatti/page.tsx; useSampattiStore (Zustand persisted browser state); prisma/schema.prisma,Confirmed,Needs WD Verification: Prisma AssetInventory exists but no Sampatti API route connects this page
