Date,Intern Name,Tool Used,Prompt Purpose,Input Files,Output Files,Code Modified,External Connection Used,Verified By,Status
2026-07-18,AI Intern 1,run_command,Verify workspace safety (lack of .git and .env files),Svarajya-main/,None,No,No,Himanshu,Confirmed
2026-07-18,AI Intern 1,write_to_file,Generate safe audit checklist,None,AUDIT_WORKSPACE_SAFETY_CHECKLIST.md,No,No,Himanshu,Confirmed
2026-07-18,AI Intern 1,run_command,Generate codebase repository maps and inventories,Svarajya-main/src/,"REPOSITORY_INVENTORY.md, MODULE_TO_FILE_MAP.csv, SHARED_COMPONENT_AND_SERVICE_MAP.csv",No,No,Himanshu,Confirmed
2026-07-18,AI Intern 1,run_command,Trace Supabase calls and mapping,Svarajya-main/src/,SUPABASE_CODE_USAGE_MAP.csv,No,No,Harsh,Confirmed
2026-07-18,AI Intern 1,write_to_file,Google OAuth callback flow analysis,src/app/api/auth/google-callback/route.ts,GOOGLE_AUTH_CODE_FLOW.md,No,No,Himanshu,Confirmed
2026-07-18,AI Intern 1,write_to_file,Architecture Risks and Coupling Report,"src/lib/stores/, src/lib/",ARCHITECTURE_AND_COUPLING_RISKS.md,No,No,Amit,Confirmed
2026-07-18,AI Intern 2,run_command,Parse database structures and generate constraints,"Table_List.csv, Foreign_Keys.csv","DATABASE_STRUCTURE_SUMMARY.md, DATABASE_TABLE_INVENTORY.csv, FOREIGN_KEY_AND_RELATIONSHIP_MAP.csv",No,No,Harsh,Confirmed
2026-07-18,AI Intern 2,run_command,Compare UI fields and matrix dependencies,"Table_Columns.csv, src/app/","FRONTEND_DATABASE_FIELD_MAP.csv, MODULE_DEPENDENCY_MATRIX.csv, PRD_IMPLEMENTATION_TRACEABILITY.csv",No,No,Himanshu,Confirmed
2026-07-18,AI Intern 2,write_to_file,Write database consistency risks,"schema.prisma, RLS_Status.csv",DATA_CONSISTENCY_AND_INTEGRITY_RISKS.md,No,No,Himanshu,Confirmed
2026-07-18,AI Intern 3,run_command,Consolidate bug details and regression cases,Svarajya Testing Report.pdf,"CONSOLIDATED_BUG_CROSS_REFERENCE.csv, P0_P1_BUG_IMPACT_REPORT.md, MANUAL_REGRESSION_TEST_CASES.csv",No,No,Harsh,Confirmed
2026-07-18,AI Intern 3,write_to_file,Write automation recommendations and unit drafts,None,"AUTOMATED_TEST_RECOMMENDATIONS.md, test-drafts/",No,No,Himanshu,Confirmed
2026-07-18,AI Intern 3,write_to_file,Prepare handover packs and sequences,All compiled reports,"ENGINEER_HANDOVER_INDEX.md, EXECUTIVE_TECHNICAL_SUMMARY.md, RECOMMENDED_FIX_SEQUENCE.md, AI_PROMPT_AND_OUTPUT_LOG.csv",No,No,Amit,Confirmed
