Table ID,Table Name,Table Schema,Purpose,Columns Count,Primary Key Column,Foreign Key Columns,Actual FK Targets,Reverse References,Datatype Summary,Nullable/Required Fields,Associated Module,Parent Module,RLS Status,RLS Enabled,Triggers,Functions,Views,Storage Links,Important Columns,Code Evidence,Duplicate/Overlap Tables,Data Risk,Technical Confirmation,Verification Status,Reviewer Name,Review Date,Evidence Reference,Notes,Action Needed
TBL-001,_prisma_migrations,public,Database table storing  prisma migrations data.,8,id,None,None,None,"timestamp with time zone, integer, text, character varying",5 Required / 3 Nullable,SYSTEM,SYSTEM,Disabled (Gapped),false,None,None,None,None,id,src/app/api/... or prisma/schema.prisma (_prisma_migrations),None,High - RLS Disabled,Strong Evidence,Strong Evidence,Unassigned (Pending WD),N/A,"Table_List.csv line for _prisma_migrations, Table_Columns.csv (8 cols)",Table schema present in database exports and Prisma/Supabase bindings.,WD sign-off required for live production RLS enforcement.
TBL-002,activity_events,public,Database table storing activity events data.,6,id,userId,userId->users(id),None,"timestamp without time zone, text, jsonb",4 Required / 2 Nullable,SYSTEM/GAMIFICATION,SYSTEM,Disabled (Gapped),false,None,None,None,None,"id, userId",src/app/api/... or prisma/schema.prisma (activity_events),None,High - RLS Disabled,Strong Evidence,Strong Evidence,Unassigned (Pending WD),N/A,"Table_List.csv line for activity_events, Table_Columns.csv (6 cols)",Table schema present in database exports and Prisma/Supabase bindings.,WD sign-off required for live production RLS enforcement.
TBL-003,admin_audit_logs,public,Database table storing admin audit logs data.,10,id,adminUserId,adminUserId->admin_users(id),None,"timestamp without time zone, USER-DEFINED, text, jsonb",6 Required / 4 Nullable,ADMIN,ADMIN,Disabled (Gapped),false,None,None,None,None,id,src/app/api/... or prisma/schema.prisma (admin_audit_logs),None,High - RLS Disabled,Strong Evidence,Strong Evidence,Unassigned (Pending WD),N/A,"Table_List.csv line for admin_audit_logs, Table_Columns.csv (10 cols)",Table schema present in database exports and Prisma/Supabase bindings.,WD sign-off required for live production RLS enforcement.
TBL-004,admin_sessions,public,Database table storing admin sessions data.,9,id,adminUserId,adminUserId->admin_users(id),None,"timestamp without time zone, text",8 Required / 1 Nullable,ADMIN,ADMIN,Disabled (Gapped),false,None,None,None,None,id,src/app/api/... or prisma/schema.prisma (admin_sessions),None,High - RLS Disabled,Strong Evidence,Strong Evidence,Unassigned (Pending WD),N/A,"Table_List.csv line for admin_sessions, Table_Columns.csv (9 cols)",Table schema present in database exports and Prisma/Supabase bindings.,WD sign-off required for live production RLS enforcement.
TBL-005,admin_users,public,Database table storing admin users data.,22,id,None,None,admin_audit_logs(adminUserId); admin_sessions(adminUserId); broadcasts(createdBy); calculation_parameter_history(changedBy); data_access_logs(adminUserId); feature_flags(createdBy); module_access_permissions(adminUserId); modules(updatedBy); questions(createdBy); scheduled_reports(createdBy); support_tickets(assignedTo); system_parameters(updatedBy); tutorials(createdBy),"boolean, text, integer, timestamp without time zone, USER-DEFINED",10 Required / 12 Nullable,ADMIN,ADMIN,Disabled (Gapped),false,None,None,None,None,"id, name, status",src/app/api/... or prisma/schema.prisma (admin_users),None,High - RLS Disabled,Strong Evidence,Strong Evidence,Unassigned (Pending WD),N/A,"Table_List.csv line for admin_users, Table_Columns.csv (22 cols)",Table schema present in database exports and Prisma/Supabase bindings.,WD sign-off required for live production RLS enforcement.
TBL-006,asset_inventory,public,Database table storing asset inventory data.,11,id,userId,userId->users(id),None,"timestamp without time zone, boolean, double precision, text",7 Required / 4 Nullable,SAMPATTI (Assets),ASSETS,Disabled (Gapped),false,None,None,None,None,"id, userId",src/app/api/... or prisma/schema.prisma (asset_inventory),None,High - RLS Disabled,Strong Evidence,Strong Evidence,Unassigned (Pending WD),N/A,"Table_List.csv line for asset_inventory, Table_Columns.csv (11 cols)",Table schema present in database exports and Prisma/Supabase bindings.,WD sign-off required for live production RLS enforcement.
TBL-007,balance_history,public,Database table storing balance history data.,5,id,bankAccountId,bankAccountId->bank_accounts(id),None,"timestamp without time zone, double precision, text",4 Required / 1 Nullable,KHATE (Bank Hub),BANKING,Disabled (Gapped),false,None,None,None,None,id,src/app/api/... or prisma/schema.prisma (balance_history),None,High - RLS Disabled,Strong Evidence,Strong Evidence,Unassigned (Pending WD),N/A,"Table_List.csv line for balance_history, Table_Columns.csv (5 cols)",Table schema present in database exports and Prisma/Supabase bindings.,WD sign-off required for live production RLS enforcement.
TBL-008,bank_accounts,public,Database table storing bank accounts data.,17,id,userId,userId->users(id),balance_history(bankAccountId); income_streams(creditedAccountId),"boolean, double precision, text, timestamp without time zone, jsonb",9 Required / 8 Nullable,KHATE (Bank Hub),BANKING,Disabled (Gapped),false,None,None,None,None,"id, userId, status",src/app/api/... or prisma/schema.prisma (bank_accounts),None,High - RLS Disabled,Strong Evidence,Strong Evidence,Unassigned (Pending WD),N/A,"Table_List.csv line for bank_accounts, Table_Columns.csv (17 cols)",Table schema present in database exports and Prisma/Supabase bindings.,WD sign-off required for live production RLS enforcement.
TBL-009,broadcasts,public,Database table storing broadcasts data.,17,id,createdBy,createdBy->admin_users(id),None,"text, integer, timestamp without time zone, USER-DEFINED, jsonb",12 Required / 5 Nullable,SYSTEM,SYSTEM,Disabled (Gapped),false,None,None,None,None,"id, status",src/app/api/... or prisma/schema.prisma (broadcasts),None,High - RLS Disabled,Strong Evidence,Strong Evidence,Unassigned (Pending WD),N/A,"Table_List.csv line for broadcasts, Table_Columns.csv (17 cols)",Table schema present in database exports and Prisma/Supabase bindings.,WD sign-off required for live production RLS enforcement.
TBL-010,budget_plans,public,Database table storing budget plans data.,8,id,userId,userId->users(id),None,"boolean, double precision, text, timestamp without time zone, jsonb",7 Required / 1 Nullable,VYAYA (Expenses),EXPENSES,Disabled (Gapped),false,None,None,None,None,"id, userId",src/app/api/... or prisma/schema.prisma (budget_plans),None,High - RLS Disabled,Strong Evidence,Strong Evidence,Unassigned (Pending WD),N/A,"Table_List.csv line for budget_plans, Table_Columns.csv (8 cols)",Table schema present in database exports and Prisma/Supabase bindings.,WD sign-off required for live production RLS enforcement.
TBL-011,calculation_parameter_history,public,Database table storing calculation parameter history data.,8,id,changedBy; parameterId,changedBy->admin_users(id); parameterId->calculation_parameters(id),None,"timestamp without time zone, double precision, text",7 Required / 1 Nullable,SYSTEM,SYSTEM,Disabled (Gapped),false,None,None,None,None,id,src/app/api/... or prisma/schema.prisma (calculation_parameter_history),None,High - RLS Disabled,Strong Evidence,Strong Evidence,Unassigned (Pending WD),N/A,"Table_List.csv line for calculation_parameter_history, Table_Columns.csv (8 cols)",Table schema present in database exports and Prisma/Supabase bindings.,WD sign-off required for live production RLS enforcement.
TBL-012,calculation_parameters,public,Database table storing calculation parameters data.,9,id,None,None,calculation_parameter_history(parameterId),"timestamp without time zone, double precision, integer, text",7 Required / 2 Nullable,SYSTEM,SYSTEM,Disabled (Gapped),false,None,None,None,None,id,src/app/api/... or prisma/schema.prisma (calculation_parameters),None,High - RLS Disabled,Strong Evidence,Strong Evidence,Unassigned (Pending WD),N/A,"Table_List.csv line for calculation_parameters, Table_Columns.csv (9 cols)",Table schema present in database exports and Prisma/Supabase bindings.,WD sign-off required for live production RLS enforcement.
TBL-013,cash_wallets,public,Database table storing cash wallets data.,7,id,userId,userId->users(id),None,"timestamp without time zone, double precision, text",7 Required / 0 Nullable,SYSTEM,SYSTEM,Disabled (Gapped),false,None,None,None,None,"id, userId",src/app/api/... or prisma/schema.prisma (cash_wallets),None,High - RLS Disabled,Strong Evidence,Strong Evidence,Unassigned (Pending WD),N/A,"Table_List.csv line for cash_wallets, Table_Columns.csv (7 cols)",Table schema present in database exports and Prisma/Supabase bindings.,WD sign-off required for live production RLS enforcement.
TBL-014,cohorts,public,Database table storing cohorts data.,12,id,None,None,user_cohorts(cohortId),"boolean, text, integer, timestamp without time zone, jsonb",7 Required / 5 Nullable,SYSTEM,SYSTEM,Disabled (Gapped),false,None,None,None,None,"id, name",src/app/api/... or prisma/schema.prisma (cohorts),None,High - RLS Disabled,Strong Evidence,Strong Evidence,Unassigned (Pending WD),N/A,"Table_List.csv line for cohorts, Table_Columns.csv (12 cols)",Table schema present in database exports and Prisma/Supabase bindings.,WD sign-off required for live production RLS enforcement.
TBL-015,consent_records,public,Database table storing consent records data.,9,id,userId,userId->users(id),None,"timestamp without time zone, boolean, text",6 Required / 3 Nullable,SYSTEM,SYSTEM,Disabled (Gapped),false,None,None,None,None,"id, userId",src/app/api/... or prisma/schema.prisma (consent_records),None,High - RLS Disabled,Strong Evidence,Strong Evidence,Unassigned (Pending WD),N/A,"Table_List.csv line for consent_records, Table_Columns.csv (9 cols)",Table schema present in database exports and Prisma/Supabase bindings.,WD sign-off required for live production RLS enforcement.
TBL-016,contact_messages,public,Database table storing contact messages data.,7,id,None,None,None,"timestamp without time zone, text",7 Required / 0 Nullable,SYSTEM,SYSTEM,Disabled (Gapped),false,None,None,None,None,"id, name, status",src/app/api/... or prisma/schema.prisma (contact_messages),None,High - RLS Disabled,Strong Evidence,Strong Evidence,Unassigned (Pending WD),N/A,"Table_List.csv line for contact_messages, Table_Columns.csv (7 cols)",Table schema present in database exports and Prisma/Supabase bindings.,WD sign-off required for live production RLS enforcement.
TBL-017,credential_records,public,Database table storing credential records data.,18,id,userId,userId->users(id),None,"timestamp without time zone, date, boolean, text",7 Required / 11 Nullable,SYSTEM,SYSTEM,Disabled (Gapped),false,None,None,None,None,"id, userId",src/app/api/... or prisma/schema.prisma (credential_records),None,High - RLS Disabled,Strong Evidence,Strong Evidence,Unassigned (Pending WD),N/A,"Table_List.csv line for credential_records, Table_Columns.csv (18 cols)",Table schema present in database exports and Prisma/Supabase bindings.,WD sign-off required for live production RLS enforcement.
TBL-018,daily_analytics,public,Database table storing daily analytics data.,12,id,None,None,None,"double precision, text, date, integer, timestamp without time zone",11 Required / 1 Nullable,SYSTEM,SYSTEM,Disabled (Gapped),false,None,None,None,None,id,src/app/api/... or prisma/schema.prisma (daily_analytics),None,High - RLS Disabled,Strong Evidence,Strong Evidence,Unassigned (Pending WD),N/A,"Table_List.csv line for daily_analytics, Table_Columns.csv (12 cols)",Table schema present in database exports and Prisma/Supabase bindings.,WD sign-off required for live production RLS enforcement.
TBL-019,data_access_logs,public,Database table storing data access logs data.,8,id,adminUserId; userId,adminUserId->admin_users(id); userId->users(id),None,"timestamp without time zone, text",7 Required / 1 Nullable,SYSTEM,SYSTEM,Disabled (Gapped),false,None,None,None,None,"id, userId",src/app/api/... or prisma/schema.prisma (data_access_logs),None,High - RLS Disabled,Strong Evidence,Strong Evidence,Unassigned (Pending WD),N/A,"Table_List.csv line for data_access_logs, Table_Columns.csv (8 cols)",Table schema present in database exports and Prisma/Supabase bindings.,WD sign-off required for live production RLS enforcement.
TBL-020,din_records,public,Database table storing din records data.,15,id,userId,userId->users(id),None,"timestamp without time zone, date, text",6 Required / 9 Nullable,SYSTEM,SYSTEM,Disabled (Gapped),false,None,None,None,None,"id, userId, status",src/app/api/... or prisma/schema.prisma (din_records),None,High - RLS Disabled,Strong Evidence,Strong Evidence,Unassigned (Pending WD),N/A,"Table_List.csv line for din_records, Table_Columns.csv (15 cols)",Table schema present in database exports and Prisma/Supabase bindings.,WD sign-off required for live production RLS enforcement.
TBL-021,document_meta,public,Database table storing document meta data.,19,id,userId,userId->users(id),None,"boolean, text, date, timestamp without time zone, jsonb",7 Required / 12 Nullable,VAULT (Documents),VAULT,Disabled (Gapped),false,None,None,None,user_documents_bucket,"id, userId",src/app/api/... or prisma/schema.prisma (document_meta),None,High - RLS Disabled,Strong Evidence,Strong Evidence,Unassigned (Pending WD),N/A,"Table_List.csv line for document_meta, Table_Columns.csv (19 cols)",Table schema present in database exports and Prisma/Supabase bindings.,WD sign-off required for live production RLS enforcement.
TBL-022,education,public,Database table storing education data.,10,id,familyMemberId; userId,familyMemberId->family_members(id); userId->users(id),None,"timestamp without time zone, integer, text",5 Required / 5 Nullable,SYSTEM,SYSTEM,Disabled (Gapped),false,None,None,None,None,"id, userId",src/app/api/... or prisma/schema.prisma (education),None,High - RLS Disabled,Strong Evidence,Strong Evidence,Unassigned (Pending WD),N/A,"Table_List.csv line for education, Table_Columns.csv (10 cols)",Table schema present in database exports and Prisma/Supabase bindings.,WD sign-off required for live production RLS enforcement.
TBL-023,email_verification_codes,public,Database table storing email verification codes data.,6,id,userId,userId->users(id),None,"timestamp without time zone, text",6 Required / 0 Nullable,SYSTEM,SYSTEM,Disabled (Gapped),false,None,None,None,None,"id, userId",src/app/api/... or prisma/schema.prisma (email_verification_codes),None,High - RLS Disabled,Strong Evidence,Strong Evidence,Unassigned (Pending WD),N/A,"Table_List.csv line for email_verification_codes, Table_Columns.csv (6 cols)",Table schema present in database exports and Prisma/Supabase bindings.,WD sign-off required for live production RLS enforcement.
TBL-024,expense_categories,public,Database table storing expense categories data.,6,id,userId,userId->users(id),None,"timestamp without time zone, boolean, text",5 Required / 1 Nullable,VYAYA (Expenses),EXPENSES,Disabled (Gapped),false,None,None,None,None,"id, userId, name",src/app/api/... or prisma/schema.prisma (expense_categories),None,High - RLS Disabled,Strong Evidence,Strong Evidence,Unassigned (Pending WD),N/A,"Table_List.csv line for expense_categories, Table_Columns.csv (6 cols)",Table schema present in database exports and Prisma/Supabase bindings.,WD sign-off required for live production RLS enforcement.
TBL-025,expense_entries,public,Database table storing expense entries data.,13,id,userId,userId->users(id),None,"boolean, double precision, text, date, timestamp without time zone",7 Required / 6 Nullable,VYAYA (Expenses),EXPENSES,Disabled (Gapped),false,None,None,None,None,"id, userId, amount",src/app/api/... or prisma/schema.prisma (expense_entries),None,High - RLS Disabled,Strong Evidence,Strong Evidence,Unassigned (Pending WD),N/A,"Table_List.csv line for expense_entries, Table_Columns.csv (13 cols)",Table schema present in database exports and Prisma/Supabase bindings.,WD sign-off required for live production RLS enforcement.
TBL-026,family_members,public,Database table storing family members data.,12,id,userId,userId->users(id),education(familyMemberId); income_streams(familyMemberId); insurance_coverage(memberId); nominee_mapping(nomineeId); succession_nominees(nomineeId),"timestamp without time zone, date, boolean, text",9 Required / 3 Nullable,SYSTEM,SYSTEM,Disabled (Gapped),false,None,None,None,None,"id, userId, name",src/app/api/... or prisma/schema.prisma (family_members),None,High - RLS Disabled,Strong Evidence,Strong Evidence,Unassigned (Pending WD),N/A,"Table_List.csv line for family_members, Table_Columns.csv (12 cols)",Table schema present in database exports and Prisma/Supabase bindings.,WD sign-off required for live production RLS enforcement.
TBL-027,faqs,public,Database table storing faqs data.,13,id,None,None,None,"timestamp without time zone, boolean, integer, text",12 Required / 1 Nullable,SYSTEM,SYSTEM,Disabled (Gapped),false,None,None,None,None,id,src/app/api/... or prisma/schema.prisma (faqs),None,High - RLS Disabled,Strong Evidence,Strong Evidence,Unassigned (Pending WD),N/A,"Table_List.csv line for faqs, Table_Columns.csv (13 cols)",Table schema present in database exports and Prisma/Supabase bindings.,WD sign-off required for live production RLS enforcement.
TBL-028,feature_flags,public,Database table storing feature flags data.,14,id,createdBy; dependsOnFlagId,createdBy->admin_users(id); dependsOnFlagId->feature_flags(id),feature_flags(dependsOnFlagId),"timestamp without time zone, boolean, text, jsonb",6 Required / 8 Nullable,SYSTEM,SYSTEM,Disabled (Gapped),false,None,None,None,None,"id, name",src/app/api/... or prisma/schema.prisma (feature_flags),None,High - RLS Disabled,Strong Evidence,Strong Evidence,Unassigned (Pending WD),N/A,"Table_List.csv line for feature_flags, Table_Columns.csv (14 cols)",Table schema present in database exports and Prisma/Supabase bindings.,WD sign-off required for live production RLS enforcement.
TBL-029,field_mappings,public,Database table storing field mappings data.,7,id,None,None,questions(fieldMappingId),"timestamp without time zone, text, jsonb",5 Required / 2 Nullable,SYSTEM,SYSTEM,Disabled (Gapped),false,None,None,None,None,id,src/app/api/... or prisma/schema.prisma (field_mappings),None,High - RLS Disabled,Strong Evidence,Strong Evidence,Unassigned (Pending WD),N/A,"Table_List.csv line for field_mappings, Table_Columns.csv (7 cols)",Table schema present in database exports and Prisma/Supabase bindings.,WD sign-off required for live production RLS enforcement.
TBL-030,game_runs,public,Database table storing game runs data.,9,id,userId,userId->users(id),None,"timestamp without time zone, integer, text",8 Required / 1 Nullable,SYSTEM,SYSTEM,Disabled (Gapped),false,None,None,None,None,"id, userId, status",src/app/api/... or prisma/schema.prisma (game_runs),None,High - RLS Disabled,Strong Evidence,Strong Evidence,Unassigned (Pending WD),N/A,"Table_List.csv line for game_runs, Table_Columns.csv (9 cols)",Table schema present in database exports and Prisma/Supabase bindings.,WD sign-off required for live production RLS enforcement.
TBL-031,gamification_state,public,Database table storing gamification state data.,10,id,userId,userId->users(id),None,"text, date, integer, timestamp without time zone, jsonb",8 Required / 2 Nullable,SYSTEM/GAMIFICATION,SYSTEM,Disabled (Gapped),false,None,None,None,None,"id, userId",src/app/api/... or prisma/schema.prisma (gamification_state),None,High - RLS Disabled,Strong Evidence,Strong Evidence,Unassigned (Pending WD),N/A,"Table_List.csv line for gamification_state, Table_Columns.csv (10 cols)",Table schema present in database exports and Prisma/Supabase bindings.,WD sign-off required for live production RLS enforcement.
TBL-032,goals,public,Database table storing goals data.,11,id,userId,userId->users(id),investment_holdings(linkedGoalId),"timestamp without time zone, date, double precision, text",10 Required / 1 Nullable,LAKSHYA (Goals),GOALS,Disabled (Gapped),false,None,None,None,None,"id, userId, name, status",src/app/api/... or prisma/schema.prisma (goals),None,High - RLS Disabled,Strong Evidence,Strong Evidence,Unassigned (Pending WD),N/A,"Table_List.csv line for goals, Table_Columns.csv (11 cols)",Table schema present in database exports and Prisma/Supabase bindings.,WD sign-off required for live production RLS enforcement.
TBL-033,gst_records,public,Database table storing gst records data.,16,id,userId,userId->users(id),None,"timestamp without time zone, date, boolean, text",6 Required / 10 Nullable,SYSTEM,SYSTEM,Disabled (Gapped),false,None,None,None,None,"id, userId, status",src/app/api/... or prisma/schema.prisma (gst_records),None,High - RLS Disabled,Strong Evidence,Strong Evidence,Unassigned (Pending WD),N/A,"Table_List.csv line for gst_records, Table_Columns.csv (16 cols)",Table schema present in database exports and Prisma/Supabase bindings.,WD sign-off required for live production RLS enforcement.
TBL-034,identity_links,public,Database table storing identity links data.,7,id,identityId; userId,identityId->identity_records(id); userId->users(id),None,"timestamp without time zone, text",6 Required / 1 Nullable,SYSTEM,SYSTEM,Disabled (Gapped),false,None,None,None,None,"id, userId",src/app/api/... or prisma/schema.prisma (identity_links),None,High - RLS Disabled,Strong Evidence,Strong Evidence,Unassigned (Pending WD),N/A,"Table_List.csv line for identity_links, Table_Columns.csv (7 cols)",Table schema present in database exports and Prisma/Supabase bindings.,WD sign-off required for live production RLS enforcement.
TBL-035,identity_records,public,Database table storing identity records data.,14,id,userId,userId->users(id),identity_links(identityId),"timestamp without time zone, date, text",6 Required / 8 Nullable,SYSTEM,SYSTEM,Disabled (Gapped),false,None,None,None,None,"id, userId",src/app/api/... or prisma/schema.prisma (identity_records),None,High - RLS Disabled,Strong Evidence,Strong Evidence,Unassigned (Pending WD),N/A,"Table_List.csv line for identity_records, Table_Columns.csv (14 cols)",Table schema present in database exports and Prisma/Supabase bindings.,WD sign-off required for live production RLS enforcement.
TBL-036,iks_assets,public,Database table storing iks assets data.,10,id,None,None,None,"boolean, text, integer, timestamp without time zone, USER-DEFINED",8 Required / 2 Nullable,SAMPATTI (Assets),ASSETS,Disabled (Gapped),false,None,None,None,None,id,src/app/api/... or prisma/schema.prisma (iks_assets),None,High - RLS Disabled,Strong Evidence,Strong Evidence,Unassigned (Pending WD),N/A,"Table_List.csv line for iks_assets, Table_Columns.csv (10 cols)",Table schema present in database exports and Prisma/Supabase bindings.,WD sign-off required for live production RLS enforcement.
TBL-037,income_streams,public,Database table storing income streams data.,21,id,creditedAccountId; familyMemberId; userId,creditedAccountId->bank_accounts(id); familyMemberId->family_members(id); userId->users(id),None,"boolean, double precision, text, integer, timestamp without time zone, jsonb",10 Required / 11 Nullable,SYSTEM,SYSTEM,Disabled (Gapped),false,None,None,None,None,"id, userId, type",src/app/api/... or prisma/schema.prisma (income_streams),None,High - RLS Disabled,Strong Evidence,Strong Evidence,Unassigned (Pending WD),N/A,"Table_List.csv line for income_streams, Table_Columns.csv (21 cols)",Table schema present in database exports and Prisma/Supabase bindings.,WD sign-off required for live production RLS enforcement.
TBL-038,insurance_coverage,public,Database table storing insurance coverage data.,3,id,memberId; policyId,memberId->family_members(id); policyId->insurance_policies(id),None,text,3 Required / 0 Nullable,BIMAN (Insurance),INSURANCE,Disabled (Gapped),false,None,None,None,None,id,src/app/api/... or prisma/schema.prisma (insurance_coverage),None,High - RLS Disabled,Strong Evidence,Strong Evidence,Unassigned (Pending WD),N/A,"Table_List.csv line for insurance_coverage, Table_Columns.csv (3 cols)",Table schema present in database exports and Prisma/Supabase bindings.,WD sign-off required for live production RLS enforcement.
TBL-039,insurance_policies,public,Database table storing insurance policies data.,17,id,userId,userId->users(id),insurance_coverage(policyId),"timestamp without time zone, date, double precision, text",11 Required / 6 Nullable,BIMAN (Insurance),INSURANCE,Disabled (Gapped),false,None,None,None,None,"id, userId, type, status",src/app/api/... or prisma/schema.prisma (insurance_policies),None,High - RLS Disabled,Strong Evidence,Strong Evidence,Unassigned (Pending WD),N/A,"Table_List.csv line for insurance_policies, Table_Columns.csv (17 cols)",Table schema present in database exports and Prisma/Supabase bindings.,WD sign-off required for live production RLS enforcement.
TBL-040,investment_holdings,public,Database table storing investment holdings data.,12,id,linkedGoalId; userId,linkedGoalId->goals(id); userId->users(id),None,"double precision, text, date, integer, timestamp without time zone",6 Required / 6 Nullable,NIVESH (Investments),INVESTMENTS,Disabled (Gapped),false,None,None,None,None,"id, userId, type, name",src/app/api/... or prisma/schema.prisma (investment_holdings),None,High - RLS Disabled,Strong Evidence,Strong Evidence,Unassigned (Pending WD),N/A,"Table_List.csv line for investment_holdings, Table_Columns.csv (12 cols)",Table schema present in database exports and Prisma/Supabase bindings.,WD sign-off required for live production RLS enforcement.
TBL-041,loan_accounts,public,Database table storing loan accounts data.,18,id,userId,userId->users(id),None,"double precision, text, date, integer, timestamp without time zone",12 Required / 6 Nullable,RINN (Debts),DEBTS,Disabled (Gapped),false,None,None,None,None,"id, userId, type, status",src/app/api/... or prisma/schema.prisma (loan_accounts),None,High - RLS Disabled,Strong Evidence,Strong Evidence,Unassigned (Pending WD),N/A,"Table_List.csv line for loan_accounts, Table_Columns.csv (18 cols)",Table schema present in database exports and Prisma/Supabase bindings.,WD sign-off required for live production RLS enforcement.
TBL-042,module_access_permissions,public,Database table storing module access permissions data.,6,id,adminUserId,adminUserId->admin_users(id),None,"timestamp without time zone, boolean, text",5 Required / 1 Nullable,SYSTEM,SYSTEM,Disabled (Gapped),false,None,None,None,None,id,src/app/api/... or prisma/schema.prisma (module_access_permissions),None,High - RLS Disabled,Strong Evidence,Strong Evidence,Unassigned (Pending WD),N/A,"Table_List.csv line for module_access_permissions, Table_Columns.csv (6 cols)",Table schema present in database exports and Prisma/Supabase bindings.,WD sign-off required for live production RLS enforcement.
TBL-043,modules,public,Database table storing modules data.,14,id,updatedBy,updatedBy->admin_users(id),submodules(moduleId); user_module_progress(moduleId),"boolean, text, integer, timestamp without time zone, USER-DEFINED",9 Required / 5 Nullable,SYSTEM,SYSTEM,Disabled (Gapped),false,None,None,None,None,"id, name",src/app/api/... or prisma/schema.prisma (modules),None,High - RLS Disabled,Strong Evidence,Strong Evidence,Unassigned (Pending WD),N/A,"Table_List.csv line for modules, Table_Columns.csv (14 cols)",Table schema present in database exports and Prisma/Supabase bindings.,WD sign-off required for live production RLS enforcement.
TBL-044,monthly_analytics,public,Database table storing monthly analytics data.,9,id,None,None,None,"double precision, text, date, integer, timestamp without time zone",4 Required / 5 Nullable,SYSTEM,SYSTEM,Disabled (Gapped),false,None,None,None,None,id,src/app/api/... or prisma/schema.prisma (monthly_analytics),None,High - RLS Disabled,Strong Evidence,Strong Evidence,Unassigned (Pending WD),N/A,"Table_List.csv line for monthly_analytics, Table_Columns.csv (9 cols)",Table schema present in database exports and Prisma/Supabase bindings.,WD sign-off required for live production RLS enforcement.
TBL-045,nominee_mapping,public,Database table storing nominee mapping data.,10,id,nomineeId; userId,nomineeId->family_members(id); userId->users(id),None,"timestamp without time zone, boolean, double precision, text",10 Required / 0 Nullable,SYSTEM,SYSTEM,Disabled (Gapped),false,None,None,None,None,"id, userId",src/app/api/... or prisma/schema.prisma (nominee_mapping),None,High - RLS Disabled,Strong Evidence,Strong Evidence,Unassigned (Pending WD),N/A,"Table_List.csv line for nominee_mapping, Table_Columns.csv (10 cols)",Table schema present in database exports and Prisma/Supabase bindings.,WD sign-off required for live production RLS enforcement.
TBL-046,notification_templates,public,Database table storing notification templates data.,11,id,None,None,notifications(templateId),"timestamp without time zone, USER-DEFINED, text, jsonb",9 Required / 2 Nullable,SYSTEM,SYSTEM,Disabled (Gapped),false,None,None,None,None,"id, name",src/app/api/... or prisma/schema.prisma (notification_templates),None,High - RLS Disabled,Strong Evidence,Strong Evidence,Unassigned (Pending WD),N/A,"Table_List.csv line for notification_templates, Table_Columns.csv (11 cols)",Table schema present in database exports and Prisma/Supabase bindings.,WD sign-off required for live production RLS enforcement.
TBL-047,notifications,public,Database table storing notifications data.,13,id,templateId; userId,templateId->notification_templates(id); userId->users(id),None,"timestamp without time zone, USER-DEFINED, text",6 Required / 7 Nullable,SYSTEM,SYSTEM,Disabled (Gapped),false,None,None,None,None,"id, userId, status",src/app/api/... or prisma/schema.prisma (notifications),None,High - RLS Disabled,Strong Evidence,Strong Evidence,Unassigned (Pending WD),N/A,"Table_List.csv line for notifications, Table_Columns.csv (13 cols)",Table schema present in database exports and Prisma/Supabase bindings.,WD sign-off required for live production RLS enforcement.
TBL-048,property_assets,public,Database table storing property assets data.,19,id,userId,userId->users(id),None,"double precision, text, date, integer, timestamp without time zone, jsonb",7 Required / 12 Nullable,SAMPATTI (Assets),ASSETS,Disabled (Gapped),false,None,None,None,None,"id, userId, type",src/app/api/... or prisma/schema.prisma (property_assets),None,High - RLS Disabled,Strong Evidence,Strong Evidence,Unassigned (Pending WD),N/A,"Table_List.csv line for property_assets, Table_Columns.csv (19 cols)",Table schema present in database exports and Prisma/Supabase bindings.,WD sign-off required for live production RLS enforcement.
TBL-049,questions,public,Database table storing questions data.,17,id,createdBy; fieldMappingId; submoduleId,createdBy->admin_users(id); fieldMappingId->field_mappings(id); submoduleId->submodules(id),quiz_answers(questionId),"boolean, text, integer, timestamp without time zone, USER-DEFINED, jsonb",13 Required / 4 Nullable,SYSTEM,SYSTEM,Disabled (Gapped),false,None,None,None,None,id,src/app/api/... or prisma/schema.prisma (questions),None,High - RLS Disabled,Strong Evidence,Strong Evidence,Unassigned (Pending WD),N/A,"Table_List.csv line for questions, Table_Columns.csv (17 cols)",Table schema present in database exports and Prisma/Supabase bindings.,WD sign-off required for live production RLS enforcement.
TBL-050,quiz_answers,public,Database table storing quiz answers data.,6,id,questionId; userId,questionId->questions(id); userId->users(id),None,"timestamp without time zone, integer, text, jsonb",6 Required / 0 Nullable,SYSTEM,SYSTEM,Disabled (Gapped),false,None,None,None,None,"id, userId",src/app/api/... or prisma/schema.prisma (quiz_answers),None,High - RLS Disabled,Strong Evidence,Strong Evidence,Unassigned (Pending WD),N/A,"Table_List.csv line for quiz_answers, Table_Columns.csv (6 cols)",Table schema present in database exports and Prisma/Supabase bindings.,WD sign-off required for live production RLS enforcement.
TBL-051,rajya_scores,public,Database table storing rajya scores data.,16,id,userId,userId->users(id),None,"timestamp without time zone, double precision, text, jsonb",5 Required / 11 Nullable,SYSTEM,SYSTEM,Disabled (Gapped),false,None,None,None,None,"id, userId",src/app/api/... or prisma/schema.prisma (rajya_scores),None,High - RLS Disabled,Strong Evidence,Strong Evidence,Unassigned (Pending WD),N/A,"Table_List.csv line for rajya_scores, Table_Columns.csv (16 cols)",Table schema present in database exports and Prisma/Supabase bindings.,WD sign-off required for live production RLS enforcement.
TBL-052,reminders,public,Notification/reminder schedules (Static code present; NOT implemented in current live build),12,id,userId,userId->users(id),None,"timestamp without time zone, date, integer, text",9 Required / 3 Nullable,SYSTEM/REMINDERS,SYSTEM,Disabled (Gapped),false,None,None,None,None,"id, userId, type, status",src/app/api/... or prisma/schema.prisma (reminders),Static code present; Live feature NOT implemented,High - RLS Disabled,Strong Evidence,Not Implemented in Current Build,Unassigned (Pending WD),N/A,"Table_List.csv line for reminders, Table_Columns.csv (12 cols)",Reminders feature is not implemented in live project. Reclassified from Confirmed bug.,Confirm PM scope for post-MVP implementation.
TBL-053,scheduled_reports,public,Database table storing scheduled reports data.,10,id,createdBy,createdBy->admin_users(id),None,"boolean, text, timestamp without time zone, USER-DEFINED, jsonb",9 Required / 1 Nullable,SYSTEM,SYSTEM,Disabled (Gapped),false,None,None,None,None,id,src/app/api/... or prisma/schema.prisma (scheduled_reports),None,High - RLS Disabled,Strong Evidence,Strong Evidence,Unassigned (Pending WD),N/A,"Table_List.csv line for scheduled_reports, Table_Columns.csv (10 cols)",Table schema present in database exports and Prisma/Supabase bindings.,WD sign-off required for live production RLS enforcement.
TBL-054,submodules,public,Database table storing submodules data.,15,id,moduleId,moduleId->modules(id),questions(submoduleId); tutorials(submoduleId); user_chapter_progress(submoduleId),"text, integer, timestamp without time zone, USER-DEFINED, jsonb",11 Required / 4 Nullable,SYSTEM,SYSTEM,Disabled (Gapped),false,None,None,None,None,"id, name",src/app/api/... or prisma/schema.prisma (submodules),None,High - RLS Disabled,Strong Evidence,Strong Evidence,Unassigned (Pending WD),N/A,"Table_List.csv line for submodules, Table_Columns.csv (15 cols)",Table schema present in database exports and Prisma/Supabase bindings.,WD sign-off required for live production RLS enforcement.
TBL-055,subscription_analytics,public,Database table storing subscription analytics data.,10,id,userId,userId->users(id),None,"timestamp without time zone, double precision, integer, text",9 Required / 1 Nullable,SYSTEM,SYSTEM,Disabled (Gapped),false,None,None,None,None,"id, userId",src/app/api/... or prisma/schema.prisma (subscription_analytics),None,High - RLS Disabled,Strong Evidence,Strong Evidence,Unassigned (Pending WD),N/A,"Table_List.csv line for subscription_analytics, Table_Columns.csv (10 cols)",Table schema present in database exports and Prisma/Supabase bindings.,WD sign-off required for live production RLS enforcement.
TBL-056,subscriptions,public,Database table storing subscriptions data.,22,id,userId,userId->users(id),None,"boolean, double precision, text, date, timestamp without time zone, USER-DEFINED",12 Required / 10 Nullable,SYSTEM,SYSTEM,Disabled (Gapped),false,None,None,None,None,"id, userId, name, amount, status",src/app/api/... or prisma/schema.prisma (subscriptions),None,High - RLS Disabled,Strong Evidence,Strong Evidence,Unassigned (Pending WD),N/A,"Table_List.csv line for subscriptions, Table_Columns.csv (22 cols)",Table schema present in database exports and Prisma/Supabase bindings.,WD sign-off required for live production RLS enforcement.
TBL-057,succession_emergency,public,Database table storing succession emergency data.,10,id,userId,userId->users(id),None,"timestamp without time zone, integer, text, jsonb",4 Required / 6 Nullable,KOSH (Emergency Fund),EMERGENCY_FUND,Disabled (Gapped),false,None,None,None,None,"id, userId",src/app/api/... or prisma/schema.prisma (succession_emergency),None,High - RLS Disabled,Strong Evidence,Strong Evidence,Unassigned (Pending WD),N/A,"Table_List.csv line for succession_emergency, Table_Columns.csv (10 cols)",Table schema present in database exports and Prisma/Supabase bindings.,WD sign-off required for live production RLS enforcement.
TBL-058,succession_nominees,public,Database table storing succession nominees data.,10,id,nomineeId; userId,nomineeId->family_members(id); userId->users(id),None,"timestamp without time zone, double precision, text",10 Required / 0 Nullable,SYSTEM,SYSTEM,Disabled (Gapped),false,None,None,None,None,"id, userId",src/app/api/... or prisma/schema.prisma (succession_nominees),None,High - RLS Disabled,Strong Evidence,Strong Evidence,Unassigned (Pending WD),N/A,"Table_List.csv line for succession_nominees, Table_Columns.csv (10 cols)",Table schema present in database exports and Prisma/Supabase bindings.,WD sign-off required for live production RLS enforcement.
TBL-059,succession_wills,public,Database table storing succession wills data.,14,id,userId,userId->users(id),None,"boolean, text, date, timestamp without time zone, jsonb",7 Required / 7 Nullable,FAMILY,FAMILY,Disabled (Gapped),false,None,None,None,None,"id, userId",src/app/api/... or prisma/schema.prisma (succession_wills),None,High - RLS Disabled,Strong Evidence,Strong Evidence,Unassigned (Pending WD),N/A,"Table_List.csv line for succession_wills, Table_Columns.csv (14 cols)",Table schema present in database exports and Prisma/Supabase bindings.,WD sign-off required for live production RLS enforcement.
TBL-060,support_tickets,public,Database table storing support tickets data.,16,id,assignedTo; userId,assignedTo->admin_users(id); userId->users(id),ticket_responses(ticketId),"text, integer, timestamp without time zone, USER-DEFINED, jsonb",9 Required / 7 Nullable,SYSTEM,SYSTEM,Disabled (Gapped),false,None,None,None,None,"id, userId, status",src/app/api/... or prisma/schema.prisma (support_tickets),None,High - RLS Disabled,Strong Evidence,Strong Evidence,Unassigned (Pending WD),N/A,"Table_List.csv line for support_tickets, Table_Columns.csv (16 cols)",Table schema present in database exports and Prisma/Supabase bindings.,WD sign-off required for live production RLS enforcement.
TBL-061,system_parameters,public,Database table storing system parameters data.,10,id,updatedBy,updatedBy->admin_users(id),None,"integer, timestamp without time zone, USER-DEFINED, text",7 Required / 3 Nullable,SYSTEM,SYSTEM,Disabled (Gapped),false,None,None,None,None,id,src/app/api/... or prisma/schema.prisma (system_parameters),None,High - RLS Disabled,Strong Evidence,Strong Evidence,Unassigned (Pending WD),N/A,"Table_List.csv line for system_parameters, Table_Columns.csv (10 cols)",Table schema present in database exports and Prisma/Supabase bindings.,WD sign-off required for live production RLS enforcement.
TBL-062,system_settings,public,Database table storing system settings data.,5,id,None,None,None,"timestamp without time zone, text",4 Required / 1 Nullable,SYSTEM,SYSTEM,Disabled (Gapped),false,None,None,None,None,id,src/app/api/... or prisma/schema.prisma (system_settings),None,High - RLS Disabled,Strong Evidence,Strong Evidence,Unassigned (Pending WD),N/A,"Table_List.csv line for system_settings, Table_Columns.csv (5 cols)",Table schema present in database exports and Prisma/Supabase bindings.,WD sign-off required for live production RLS enforcement.
TBL-063,tax_records,public,Database table storing tax records data.,16,id,userId,userId->users(id),None,"timestamp without time zone, date, double precision, text",7 Required / 9 Nullable,TAX,TAX,Disabled (Gapped),false,None,None,None,None,"id, userId, status",src/app/api/... or prisma/schema.prisma (tax_records),None,High - RLS Disabled,Strong Evidence,Strong Evidence,Unassigned (Pending WD),N/A,"Table_List.csv line for tax_records, Table_Columns.csv (16 cols)",Table schema present in database exports and Prisma/Supabase bindings.,WD sign-off required for live production RLS enforcement.
TBL-064,ticket_responses,public,Database table storing ticket responses data.,7,id,ticketId,ticketId->support_tickets(id),None,"timestamp without time zone, boolean, text",6 Required / 1 Nullable,SYSTEM,SYSTEM,Disabled (Gapped),false,None,None,None,None,id,src/app/api/... or prisma/schema.prisma (ticket_responses),None,High - RLS Disabled,Strong Evidence,Strong Evidence,Unassigned (Pending WD),N/A,"Table_List.csv line for ticket_responses, Table_Columns.csv (7 cols)",Table schema present in database exports and Prisma/Supabase bindings.,WD sign-off required for live production RLS enforcement.
TBL-065,tutorial_analytics,public,Database table storing tutorial analytics data.,7,id,tutorialId,tutorialId->tutorials(id),None,"date, double precision, integer, text",5 Required / 2 Nullable,SYSTEM,SYSTEM,Disabled (Gapped),false,None,None,None,None,id,src/app/api/... or prisma/schema.prisma (tutorial_analytics),None,High - RLS Disabled,Strong Evidence,Strong Evidence,Unassigned (Pending WD),N/A,"Table_List.csv line for tutorial_analytics, Table_Columns.csv (7 cols)",Table schema present in database exports and Prisma/Supabase bindings.,WD sign-off required for live production RLS enforcement.
TBL-066,tutorial_completions,public,Database table storing tutorial completions data.,6,id,tutorialId; userId,tutorialId->tutorials(id); userId->users(id),None,"timestamp without time zone, boolean, integer, text",5 Required / 1 Nullable,SYSTEM,SYSTEM,Disabled (Gapped),false,None,None,None,None,"id, userId",src/app/api/... or prisma/schema.prisma (tutorial_completions),None,High - RLS Disabled,Strong Evidence,Strong Evidence,Unassigned (Pending WD),N/A,"Table_List.csv line for tutorial_completions, Table_Columns.csv (6 cols)",Table schema present in database exports and Prisma/Supabase bindings.,WD sign-off required for live production RLS enforcement.
TBL-067,tutorials,public,Database table storing tutorials data.,22,id,createdBy; submoduleId,createdBy->admin_users(id); submoduleId->submodules(id),tutorial_analytics(tutorialId); tutorial_completions(tutorialId),"boolean, text, integer, timestamp without time zone, USER-DEFINED, jsonb",11 Required / 11 Nullable,SYSTEM,SYSTEM,Disabled (Gapped),false,None,None,None,None,id,src/app/api/... or prisma/schema.prisma (tutorials),None,High - RLS Disabled,Strong Evidence,Strong Evidence,Unassigned (Pending WD),N/A,"Table_List.csv line for tutorials, Table_Columns.csv (22 cols)",Table schema present in database exports and Prisma/Supabase bindings.,WD sign-off required for live production RLS enforcement.
TBL-068,user_chapter_progress,public,Database table storing user chapter progress data.,10,id,submoduleId; userId,submoduleId->submodules(id); userId->users(id),None,"timestamp without time zone, text, jsonb",6 Required / 4 Nullable,SYSTEM,SYSTEM,Disabled (Gapped),false,None,None,None,None,"id, userId, status",src/app/api/... or prisma/schema.prisma (user_chapter_progress),None,High - RLS Disabled,Strong Evidence,Strong Evidence,Unassigned (Pending WD),N/A,"Table_List.csv line for user_chapter_progress, Table_Columns.csv (10 cols)",Table schema present in database exports and Prisma/Supabase bindings.,WD sign-off required for live production RLS enforcement.
TBL-069,user_cohorts,public,Database table storing user cohorts data.,5,id,cohortId; userId,cohortId->cohorts(id); userId->users(id),None,"timestamp without time zone, text",4 Required / 1 Nullable,SYSTEM,SYSTEM,Disabled (Gapped),false,None,None,None,None,"id, userId",src/app/api/... or prisma/schema.prisma (user_cohorts),None,High - RLS Disabled,Strong Evidence,Strong Evidence,Unassigned (Pending WD),N/A,"Table_List.csv line for user_cohorts, Table_Columns.csv (5 cols)",Table schema present in database exports and Prisma/Supabase bindings.,WD sign-off required for live production RLS enforcement.
TBL-070,user_feedback,public,Database table storing user feedback data.,9,id,userId,userId->users(id),None,"integer, timestamp without time zone, USER-DEFINED, text",4 Required / 5 Nullable,SYSTEM,SYSTEM,Disabled (Gapped),false,None,None,None,None,"id, userId",src/app/api/... or prisma/schema.prisma (user_feedback),None,High - RLS Disabled,Strong Evidence,Strong Evidence,Unassigned (Pending WD),N/A,"Table_List.csv line for user_feedback, Table_Columns.csv (9 cols)",Table schema present in database exports and Prisma/Supabase bindings.,WD sign-off required for live production RLS enforcement.
TBL-071,user_module_progress,public,Database table storing user module progress data.,6,id,moduleId; userId,moduleId->modules(id); userId->users(id),None,"timestamp without time zone, text",5 Required / 1 Nullable,SYSTEM,SYSTEM,Disabled (Gapped),false,None,None,None,None,"id, userId, status",src/app/api/... or prisma/schema.prisma (user_module_progress),None,High - RLS Disabled,Strong Evidence,Strong Evidence,Unassigned (Pending WD),N/A,"Table_List.csv line for user_module_progress, Table_Columns.csv (6 cols)",Table schema present in database exports and Prisma/Supabase bindings.,WD sign-off required for live production RLS enforcement.
TBL-072,user_sessions,public,Database table storing user sessions data.,10,id,userId,userId->users(id),None,"timestamp without time zone, text",7 Required / 3 Nullable,AUTH,AUTH,Disabled (Gapped),false,None,None,None,None,"id, userId",src/app/api/... or prisma/schema.prisma (user_sessions),None,High - RLS Disabled,Strong Evidence,Strong Evidence,Unassigned (Pending WD),N/A,"Table_List.csv line for user_sessions, Table_Columns.csv (10 cols)",Table schema present in database exports and Prisma/Supabase bindings.,WD sign-off required for live production RLS enforcement.
TBL-073,users,public,Database table storing users data.,33,id,None,None,activity_events(userId); asset_inventory(userId); bank_accounts(userId); budget_plans(userId); cash_wallets(userId); consent_records(userId); credential_records(userId); data_access_logs(userId); din_records(userId); document_meta(userId); education(userId); email_verification_codes(userId); expense_categories(userId); expense_entries(userId); family_members(userId); game_runs(userId); gamification_state(userId); goals(userId); gst_records(userId); identity_links(userId); identity_records(userId); income_streams(userId); insurance_policies(userId); investment_holdings(userId); loan_accounts(userId); nominee_mapping(userId); notifications(userId); property_assets(userId); quiz_answers(userId); rajya_scores(userId); reminders(userId); subscription_analytics(userId); subscriptions(userId); succession_emergency(userId); succession_nominees(userId); succession_wills(userId); support_tickets(userId); tax_records(userId); tutorial_completions(userId); user_chapter_progress(userId); user_cohorts(userId); user_feedback(userId); user_module_progress(userId); user_sessions(userId); will_status(userId),"boolean, text, date, timestamp without time zone, USER-DEFINED, jsonb",8 Required / 25 Nullable,AUTH,AUTH,Disabled (Gapped),false,None,None,None,None,"id, name, status",src/app/api/... or prisma/schema.prisma (users),None,High - RLS Disabled,Strong Evidence,Strong Evidence,Unassigned (Pending WD),N/A,"Table_List.csv line for users, Table_Columns.csv (33 cols)",Table schema present in database exports and Prisma/Supabase bindings.,WD sign-off required for live production RLS enforcement.
TBL-074,weekly_analytics,public,Database table storing weekly analytics data.,10,id,None,None,None,"double precision, text, date, integer, timestamp without time zone",5 Required / 5 Nullable,SYSTEM,SYSTEM,Disabled (Gapped),false,None,None,None,None,id,src/app/api/... or prisma/schema.prisma (weekly_analytics),None,High - RLS Disabled,Strong Evidence,Strong Evidence,Unassigned (Pending WD),N/A,"Table_List.csv line for weekly_analytics, Table_Columns.csv (10 cols)",Table schema present in database exports and Prisma/Supabase bindings.,WD sign-off required for live production RLS enforcement.
TBL-075,will_status,public,Database table storing will status data.,10,id,userId,userId->users(id),None,"timestamp without time zone, boolean, date, text",5 Required / 5 Nullable,FAMILY,FAMILY,Disabled (Gapped),false,None,None,None,None,"id, userId",src/app/api/... or prisma/schema.prisma (will_status),None,High - RLS Disabled,Strong Evidence,Strong Evidence,Unassigned (Pending WD),N/A,"Table_List.csv line for will_status, Table_Columns.csv (10 cols)",Table schema present in database exports and Prisma/Supabase bindings.,WD sign-off required for live production RLS enforcement.
