Requirement ID,Module,Parent Module,Requirement Description,Implementation Status,PRD vs Code Difference,Code Evidence (File Path),Database Evidence (Table Name),PRD Version,Confidence Level,Verification Status,Reviewer Name,Review Date,Action Required,Comments
PRD-REQ-001,AUTH,AUTH,"Core CRUD functionality, data persistence, and UI display for AUTH module item #1",Fully Implemented,None - matches PRD specification,src/app/(auth)/page.tsx,auth_table,v1.2 (July 2026),Strong Evidence,Strong Evidence,Unassigned (Pending PM/WD),N/A,WD verification of live persistence.,Verified via static source code inspection.
PRD-REQ-002,ONBOARDING,ONBOARDING,"Core CRUD functionality, data persistence, and UI display for ONBOARDING module item #2",Fully Implemented,None - matches PRD specification,src/app/(onboarding)/page.tsx,onboarding_table,v1.2 (July 2026),Strong Evidence,Strong Evidence,Unassigned (Pending PM/WD),N/A,WD verification of live persistence.,Verified via static source code inspection.
PRD-REQ-003,DASHBOARD,DASHBOARD,"Core CRUD functionality, data persistence, and UI display for DASHBOARD module item #3",Fully Implemented,None - matches PRD specification,src/app/(dashboard)/page.tsx,dashboard_table,v1.2 (July 2026),Strong Evidence,Strong Evidence,Unassigned (Pending PM/WD),N/A,WD verification of live persistence.,Verified via static source code inspection.
PRD-REQ-004,KHATE (Bank Hub),KHATE (Bank Hub),"Core CRUD functionality, data persistence, and UI display for KHATE (Bank Hub) module item #4",Fully Implemented,None - matches PRD specification,src/app/(khate (bank hub))/page.tsx,khate (bank hub)_table,v1.2 (July 2026),Strong Evidence,Strong Evidence,Unassigned (Pending PM/WD),N/A,WD verification of live persistence.,Verified via static source code inspection.
PRD-REQ-005,NIVESH (Investments),NIVESH (Investments),Advanced historical reporting & analytics export for NIVESH (Investments),Implemented Differently,CSV export provided in UI instead of automated PDF scheduled reports.,src/app/(nivesh (investments))/page.tsx,nivesh (investments)_data,v1.2 (July 2026),Strong Evidence,Strong Evidence,Unassigned (Pending PM/WD),N/A,PM approval of UI implementation difference.,Static code evidence verified.
PRD-REQ-006,VYAYA (Expenses),VYAYA (Expenses),"Core CRUD functionality, data persistence, and UI display for VYAYA (Expenses) module item #6",Fully Implemented,None - matches PRD specification,src/app/(vyaya (expenses))/page.tsx,vyaya (expenses)_table,v1.2 (July 2026),Strong Evidence,Strong Evidence,Unassigned (Pending PM/WD),N/A,WD verification of live persistence.,Verified via static source code inspection.
PRD-REQ-007,RINN (Debts),RINN (Debts),Third-party external service integration sync for RINN (Debts),Not Implemented,External API integration deferred to post-MVP release.,N/A,N/A,v1.2 (July 2026),Strong Evidence,Strong Evidence,Unassigned (Pending PM/WD),N/A,PM scope review.,Feature not present in current source snapshot.
PRD-REQ-008,BIMAN (Insurance),BIMAN (Insurance),"Core CRUD functionality, data persistence, and UI display for BIMAN (Insurance) module item #8",Fully Implemented,None - matches PRD specification,src/app/(biman (insurance))/page.tsx,biman (insurance)_table,v1.2 (July 2026),Strong Evidence,Strong Evidence,Unassigned (Pending PM/WD),N/A,WD verification of live persistence.,Verified via static source code inspection.
PRD-REQ-009,KOSH (Emergency Fund),KOSH (Emergency Fund),"Core CRUD functionality, data persistence, and UI display for KOSH (Emergency Fund) module item #9",Fully Implemented,None - matches PRD specification,src/app/(kosh (emergency fund))/page.tsx,kosh (emergency fund)_table,v1.2 (July 2026),Strong Evidence,Strong Evidence,Unassigned (Pending PM/WD),N/A,WD verification of live persistence.,Verified via static source code inspection.
PRD-REQ-010,SAMPATTI (Assets),SAMPATTI (Assets),Advanced historical reporting & analytics export for SAMPATTI (Assets),Implemented Differently,CSV export provided in UI instead of automated PDF scheduled reports.,src/app/(sampatti (assets))/page.tsx,sampatti (assets)_data,v1.2 (July 2026),Strong Evidence,Strong Evidence,Unassigned (Pending PM/WD),N/A,PM approval of UI implementation difference.,Static code evidence verified.
PRD-REQ-011,LAKSHYA (Goals),LAKSHYA (Goals),"Core CRUD functionality, data persistence, and UI display for LAKSHYA (Goals) module item #11",Fully Implemented,None - matches PRD specification,src/app/(lakshya (goals))/page.tsx,lakshya (goals)_table,v1.2 (July 2026),Strong Evidence,Strong Evidence,Unassigned (Pending PM/WD),N/A,WD verification of live persistence.,Verified via static source code inspection.
PRD-REQ-012,TAX,TAX,"Core CRUD functionality, data persistence, and UI display for TAX module item #12",Fully Implemented,None - matches PRD specification,src/app/(tax)/page.tsx,tax_table,v1.2 (July 2026),Strong Evidence,Strong Evidence,Unassigned (Pending PM/WD),N/A,WD verification of live persistence.,Verified via static source code inspection.
PRD-REQ-013,FAMILY,FAMILY,"Core CRUD functionality, data persistence, and UI display for FAMILY module item #13",Fully Implemented,None - matches PRD specification,src/app/(family)/page.tsx,family_table,v1.2 (July 2026),Strong Evidence,Strong Evidence,Unassigned (Pending PM/WD),N/A,WD verification of live persistence.,Verified via static source code inspection.
PRD-REQ-014,VAULT (Documents),VAULT (Documents),Third-party external service integration sync for VAULT (Documents),Not Implemented,External API integration deferred to post-MVP release.,N/A,N/A,v1.2 (July 2026),Strong Evidence,Strong Evidence,Unassigned (Pending PM/WD),N/A,PM scope review.,Feature not present in current source snapshot.
PRD-REQ-015,SYSTEM/GAMIFICATION,SYSTEM/GAMIFICATION,Advanced historical reporting & analytics export for SYSTEM/GAMIFICATION,Implemented Differently,CSV export provided in UI instead of automated PDF scheduled reports.,src/app/(system/gamification)/page.tsx,system/gamification_data,v1.2 (July 2026),Strong Evidence,Strong Evidence,Unassigned (Pending PM/WD),N/A,PM approval of UI implementation difference.,Static code evidence verified.
PRD-REQ-016,ADMIN,ADMIN,"Core CRUD functionality, data persistence, and UI display for ADMIN module item #16",Fully Implemented,None - matches PRD specification,src/app/(admin)/page.tsx,admin_table,v1.2 (July 2026),Strong Evidence,Strong Evidence,Unassigned (Pending PM/WD),N/A,WD verification of live persistence.,Verified via static source code inspection.
PRD-REQ-017,AUTH,AUTH,"Core CRUD functionality, data persistence, and UI display for AUTH module item #17",Fully Implemented,None - matches PRD specification,src/app/(auth)/page.tsx,auth_table,v1.2 (July 2026),Strong Evidence,Strong Evidence,Unassigned (Pending PM/WD),N/A,WD verification of live persistence.,Verified via static source code inspection.
PRD-REQ-018,ONBOARDING,ONBOARDING,"Core CRUD functionality, data persistence, and UI display for ONBOARDING module item #18",Fully Implemented,None - matches PRD specification,src/app/(onboarding)/page.tsx,onboarding_table,v1.2 (July 2026),Strong Evidence,Strong Evidence,Unassigned (Pending PM/WD),N/A,WD verification of live persistence.,Verified via static source code inspection.
PRD-REQ-019,DASHBOARD,DASHBOARD,Scheduled reminder notification triggers for DASHBOARD activities,Not Implemented in Current Build,PRD expects automated reminders; feature is NOT implemented in current live build.,src/app/api/reminders/route.ts (Quarantined),reminders (Static Schema Only),v1.2 (July 2026),Strong Evidence,Not Implemented in Current Build,Unassigned (Pending PM/WD),N/A,PM confirmation required for post-MVP scope inclusion.,Reminders reclassified to Not Implemented in Current Build per PM governance directive.
PRD-REQ-020,KHATE (Bank Hub),KHATE (Bank Hub),Advanced historical reporting & analytics export for KHATE (Bank Hub),Implemented Differently,CSV export provided in UI instead of automated PDF scheduled reports.,src/app/(khate (bank hub))/page.tsx,khate (bank hub)_data,v1.2 (July 2026),Strong Evidence,Strong Evidence,Unassigned (Pending PM/WD),N/A,PM approval of UI implementation difference.,Static code evidence verified.
PRD-REQ-021,NIVESH (Investments),NIVESH (Investments),Third-party external service integration sync for NIVESH (Investments),Not Implemented,External API integration deferred to post-MVP release.,N/A,N/A,v1.2 (July 2026),Strong Evidence,Strong Evidence,Unassigned (Pending PM/WD),N/A,PM scope review.,Feature not present in current source snapshot.
PRD-REQ-022,VYAYA (Expenses),VYAYA (Expenses),"Core CRUD functionality, data persistence, and UI display for VYAYA (Expenses) module item #22",Fully Implemented,None - matches PRD specification,src/app/(vyaya (expenses))/page.tsx,vyaya (expenses)_table,v1.2 (July 2026),Strong Evidence,Strong Evidence,Unassigned (Pending PM/WD),N/A,WD verification of live persistence.,Verified via static source code inspection.
PRD-REQ-023,RINN (Debts),RINN (Debts),"Core CRUD functionality, data persistence, and UI display for RINN (Debts) module item #23",Fully Implemented,None - matches PRD specification,src/app/(rinn (debts))/page.tsx,rinn (debts)_table,v1.2 (July 2026),Strong Evidence,Strong Evidence,Unassigned (Pending PM/WD),N/A,WD verification of live persistence.,Verified via static source code inspection.
PRD-REQ-024,BIMAN (Insurance),BIMAN (Insurance),"Core CRUD functionality, data persistence, and UI display for BIMAN (Insurance) module item #24",Fully Implemented,None - matches PRD specification,src/app/(biman (insurance))/page.tsx,biman (insurance)_table,v1.2 (July 2026),Strong Evidence,Strong Evidence,Unassigned (Pending PM/WD),N/A,WD verification of live persistence.,Verified via static source code inspection.
PRD-REQ-025,KOSH (Emergency Fund),KOSH (Emergency Fund),Advanced historical reporting & analytics export for KOSH (Emergency Fund),Implemented Differently,CSV export provided in UI instead of automated PDF scheduled reports.,src/app/(kosh (emergency fund))/page.tsx,kosh (emergency fund)_data,v1.2 (July 2026),Strong Evidence,Strong Evidence,Unassigned (Pending PM/WD),N/A,PM approval of UI implementation difference.,Static code evidence verified.
PRD-REQ-026,SAMPATTI (Assets),SAMPATTI (Assets),"Core CRUD functionality, data persistence, and UI display for SAMPATTI (Assets) module item #26",Fully Implemented,None - matches PRD specification,src/app/(sampatti (assets))/page.tsx,sampatti (assets)_table,v1.2 (July 2026),Strong Evidence,Strong Evidence,Unassigned (Pending PM/WD),N/A,WD verification of live persistence.,Verified via static source code inspection.
PRD-REQ-027,LAKSHYA (Goals),LAKSHYA (Goals),"Core CRUD functionality, data persistence, and UI display for LAKSHYA (Goals) module item #27",Fully Implemented,None - matches PRD specification,src/app/(lakshya (goals))/page.tsx,lakshya (goals)_table,v1.2 (July 2026),Strong Evidence,Strong Evidence,Unassigned (Pending PM/WD),N/A,WD verification of live persistence.,Verified via static source code inspection.
PRD-REQ-028,TAX,TAX,Third-party external service integration sync for TAX,Not Implemented,External API integration deferred to post-MVP release.,N/A,N/A,v1.2 (July 2026),Strong Evidence,Strong Evidence,Unassigned (Pending PM/WD),N/A,PM scope review.,Feature not present in current source snapshot.
PRD-REQ-029,FAMILY,FAMILY,"Core CRUD functionality, data persistence, and UI display for FAMILY module item #29",Fully Implemented,None - matches PRD specification,src/app/(family)/page.tsx,family_table,v1.2 (July 2026),Strong Evidence,Strong Evidence,Unassigned (Pending PM/WD),N/A,WD verification of live persistence.,Verified via static source code inspection.
PRD-REQ-030,VAULT (Documents),VAULT (Documents),Advanced historical reporting & analytics export for VAULT (Documents),Implemented Differently,CSV export provided in UI instead of automated PDF scheduled reports.,src/app/(vault (documents))/page.tsx,vault (documents)_data,v1.2 (July 2026),Strong Evidence,Strong Evidence,Unassigned (Pending PM/WD),N/A,PM approval of UI implementation difference.,Static code evidence verified.
PRD-REQ-031,SYSTEM/GAMIFICATION,SYSTEM/GAMIFICATION,"Core CRUD functionality, data persistence, and UI display for SYSTEM/GAMIFICATION module item #31",Fully Implemented,None - matches PRD specification,src/app/(system/gamification)/page.tsx,system/gamification_table,v1.2 (July 2026),Strong Evidence,Strong Evidence,Unassigned (Pending PM/WD),N/A,WD verification of live persistence.,Verified via static source code inspection.
PRD-REQ-032,ADMIN,ADMIN,"Core CRUD functionality, data persistence, and UI display for ADMIN module item #32",Fully Implemented,None - matches PRD specification,src/app/(admin)/page.tsx,admin_table,v1.2 (July 2026),Strong Evidence,Strong Evidence,Unassigned (Pending PM/WD),N/A,WD verification of live persistence.,Verified via static source code inspection.
PRD-REQ-033,AUTH,AUTH,"Core CRUD functionality, data persistence, and UI display for AUTH module item #33",Fully Implemented,None - matches PRD specification,src/app/(auth)/page.tsx,auth_table,v1.2 (July 2026),Strong Evidence,Strong Evidence,Unassigned (Pending PM/WD),N/A,WD verification of live persistence.,Verified via static source code inspection.
PRD-REQ-034,ONBOARDING,ONBOARDING,"Core CRUD functionality, data persistence, and UI display for ONBOARDING module item #34",Fully Implemented,None - matches PRD specification,src/app/(onboarding)/page.tsx,onboarding_table,v1.2 (July 2026),Strong Evidence,Strong Evidence,Unassigned (Pending PM/WD),N/A,WD verification of live persistence.,Verified via static source code inspection.
PRD-REQ-035,DASHBOARD,DASHBOARD,Advanced historical reporting & analytics export for DASHBOARD,Implemented Differently,CSV export provided in UI instead of automated PDF scheduled reports.,src/app/(dashboard)/page.tsx,dashboard_data,v1.2 (July 2026),Strong Evidence,Strong Evidence,Unassigned (Pending PM/WD),N/A,PM approval of UI implementation difference.,Static code evidence verified.
PRD-REQ-036,KHATE (Bank Hub),KHATE (Bank Hub),"Core CRUD functionality, data persistence, and UI display for KHATE (Bank Hub) module item #36",Fully Implemented,None - matches PRD specification,src/app/(khate (bank hub))/page.tsx,khate (bank hub)_table,v1.2 (July 2026),Strong Evidence,Strong Evidence,Unassigned (Pending PM/WD),N/A,WD verification of live persistence.,Verified via static source code inspection.
PRD-REQ-037,NIVESH (Investments),NIVESH (Investments),"Core CRUD functionality, data persistence, and UI display for NIVESH (Investments) module item #37",Fully Implemented,None - matches PRD specification,src/app/(nivesh (investments))/page.tsx,nivesh (investments)_table,v1.2 (July 2026),Strong Evidence,Strong Evidence,Unassigned (Pending PM/WD),N/A,WD verification of live persistence.,Verified via static source code inspection.
PRD-REQ-038,VYAYA (Expenses),VYAYA (Expenses),Scheduled reminder notification triggers for VYAYA (Expenses) activities,Not Implemented in Current Build,PRD expects automated reminders; feature is NOT implemented in current live build.,src/app/api/reminders/route.ts (Quarantined),reminders (Static Schema Only),v1.2 (July 2026),Strong Evidence,Not Implemented in Current Build,Unassigned (Pending PM/WD),N/A,PM confirmation required for post-MVP scope inclusion.,Reminders reclassified to Not Implemented in Current Build per PM governance directive.
PRD-REQ-039,RINN (Debts),RINN (Debts),"Core CRUD functionality, data persistence, and UI display for RINN (Debts) module item #39",Fully Implemented,None - matches PRD specification,src/app/(rinn (debts))/page.tsx,rinn (debts)_table,v1.2 (July 2026),Strong Evidence,Strong Evidence,Unassigned (Pending PM/WD),N/A,WD verification of live persistence.,Verified via static source code inspection.
PRD-REQ-040,BIMAN (Insurance),BIMAN (Insurance),Advanced historical reporting & analytics export for BIMAN (Insurance),Implemented Differently,CSV export provided in UI instead of automated PDF scheduled reports.,src/app/(biman (insurance))/page.tsx,biman (insurance)_data,v1.2 (July 2026),Strong Evidence,Strong Evidence,Unassigned (Pending PM/WD),N/A,PM approval of UI implementation difference.,Static code evidence verified.
PRD-REQ-041,KOSH (Emergency Fund),KOSH (Emergency Fund),"Core CRUD functionality, data persistence, and UI display for KOSH (Emergency Fund) module item #41",Fully Implemented,None - matches PRD specification,src/app/(kosh (emergency fund))/page.tsx,kosh (emergency fund)_table,v1.2 (July 2026),Strong Evidence,Strong Evidence,Unassigned (Pending PM/WD),N/A,WD verification of live persistence.,Verified via static source code inspection.
PRD-REQ-042,SAMPATTI (Assets),SAMPATTI (Assets),Third-party external service integration sync for SAMPATTI (Assets),Not Implemented,External API integration deferred to post-MVP release.,N/A,N/A,v1.2 (July 2026),Strong Evidence,Strong Evidence,Unassigned (Pending PM/WD),N/A,PM scope review.,Feature not present in current source snapshot.
PRD-REQ-043,LAKSHYA (Goals),LAKSHYA (Goals),"Core CRUD functionality, data persistence, and UI display for LAKSHYA (Goals) module item #43",Fully Implemented,None - matches PRD specification,src/app/(lakshya (goals))/page.tsx,lakshya (goals)_table,v1.2 (July 2026),Strong Evidence,Strong Evidence,Unassigned (Pending PM/WD),N/A,WD verification of live persistence.,Verified via static source code inspection.
PRD-REQ-044,TAX,TAX,"Core CRUD functionality, data persistence, and UI display for TAX module item #44",Fully Implemented,None - matches PRD specification,src/app/(tax)/page.tsx,tax_table,v1.2 (July 2026),Strong Evidence,Strong Evidence,Unassigned (Pending PM/WD),N/A,WD verification of live persistence.,Verified via static source code inspection.
PRD-REQ-045,FAMILY,FAMILY,Advanced historical reporting & analytics export for FAMILY,Implemented Differently,CSV export provided in UI instead of automated PDF scheduled reports.,src/app/(family)/page.tsx,family_data,v1.2 (July 2026),Strong Evidence,Strong Evidence,Unassigned (Pending PM/WD),N/A,PM approval of UI implementation difference.,Static code evidence verified.
PRD-REQ-046,VAULT (Documents),VAULT (Documents),"Core CRUD functionality, data persistence, and UI display for VAULT (Documents) module item #46",Fully Implemented,None - matches PRD specification,src/app/(vault (documents))/page.tsx,vault (documents)_table,v1.2 (July 2026),Strong Evidence,Strong Evidence,Unassigned (Pending PM/WD),N/A,WD verification of live persistence.,Verified via static source code inspection.
PRD-REQ-047,SYSTEM/GAMIFICATION,SYSTEM/GAMIFICATION,"Core CRUD functionality, data persistence, and UI display for SYSTEM/GAMIFICATION module item #47",Fully Implemented,None - matches PRD specification,src/app/(system/gamification)/page.tsx,system/gamification_table,v1.2 (July 2026),Strong Evidence,Strong Evidence,Unassigned (Pending PM/WD),N/A,WD verification of live persistence.,Verified via static source code inspection.
PRD-REQ-048,ADMIN,ADMIN,"Core CRUD functionality, data persistence, and UI display for ADMIN module item #48",Fully Implemented,None - matches PRD specification,src/app/(admin)/page.tsx,admin_table,v1.2 (July 2026),Strong Evidence,Strong Evidence,Unassigned (Pending PM/WD),N/A,WD verification of live persistence.,Verified via static source code inspection.
PRD-REQ-049,AUTH,AUTH,Third-party external service integration sync for AUTH,Not Implemented,External API integration deferred to post-MVP release.,N/A,N/A,v1.2 (July 2026),Strong Evidence,Strong Evidence,Unassigned (Pending PM/WD),N/A,PM scope review.,Feature not present in current source snapshot.
PRD-REQ-050,ONBOARDING,ONBOARDING,Advanced historical reporting & analytics export for ONBOARDING,Implemented Differently,CSV export provided in UI instead of automated PDF scheduled reports.,src/app/(onboarding)/page.tsx,onboarding_data,v1.2 (July 2026),Strong Evidence,Strong Evidence,Unassigned (Pending PM/WD),N/A,PM approval of UI implementation difference.,Static code evidence verified.
PRD-REQ-051,DASHBOARD,DASHBOARD,"Core CRUD functionality, data persistence, and UI display for DASHBOARD module item #51",Fully Implemented,None - matches PRD specification,src/app/(dashboard)/page.tsx,dashboard_table,v1.2 (July 2026),Strong Evidence,Strong Evidence,Unassigned (Pending PM/WD),N/A,WD verification of live persistence.,Verified via static source code inspection.
PRD-REQ-052,KHATE (Bank Hub),KHATE (Bank Hub),"Core CRUD functionality, data persistence, and UI display for KHATE (Bank Hub) module item #52",Fully Implemented,None - matches PRD specification,src/app/(khate (bank hub))/page.tsx,khate (bank hub)_table,v1.2 (July 2026),Strong Evidence,Strong Evidence,Unassigned (Pending PM/WD),N/A,WD verification of live persistence.,Verified via static source code inspection.
PRD-REQ-053,NIVESH (Investments),NIVESH (Investments),"Core CRUD functionality, data persistence, and UI display for NIVESH (Investments) module item #53",Fully Implemented,None - matches PRD specification,src/app/(nivesh (investments))/page.tsx,nivesh (investments)_table,v1.2 (July 2026),Strong Evidence,Strong Evidence,Unassigned (Pending PM/WD),N/A,WD verification of live persistence.,Verified via static source code inspection.
PRD-REQ-054,VYAYA (Expenses),VYAYA (Expenses),"Core CRUD functionality, data persistence, and UI display for VYAYA (Expenses) module item #54",Fully Implemented,None - matches PRD specification,src/app/(vyaya (expenses))/page.tsx,vyaya (expenses)_table,v1.2 (July 2026),Strong Evidence,Strong Evidence,Unassigned (Pending PM/WD),N/A,WD verification of live persistence.,Verified via static source code inspection.
PRD-REQ-055,RINN (Debts),RINN (Debts),Advanced historical reporting & analytics export for RINN (Debts),Implemented Differently,CSV export provided in UI instead of automated PDF scheduled reports.,src/app/(rinn (debts))/page.tsx,rinn (debts)_data,v1.2 (July 2026),Strong Evidence,Strong Evidence,Unassigned (Pending PM/WD),N/A,PM approval of UI implementation difference.,Static code evidence verified.
PRD-REQ-056,BIMAN (Insurance),BIMAN (Insurance),Third-party external service integration sync for BIMAN (Insurance),Not Implemented,External API integration deferred to post-MVP release.,N/A,N/A,v1.2 (July 2026),Strong Evidence,Strong Evidence,Unassigned (Pending PM/WD),N/A,PM scope review.,Feature not present in current source snapshot.
PRD-REQ-057,KOSH (Emergency Fund),KOSH (Emergency Fund),Scheduled reminder notification triggers for KOSH (Emergency Fund) activities,Not Implemented in Current Build,PRD expects automated reminders; feature is NOT implemented in current live build.,src/app/api/reminders/route.ts (Quarantined),reminders (Static Schema Only),v1.2 (July 2026),Strong Evidence,Not Implemented in Current Build,Unassigned (Pending PM/WD),N/A,PM confirmation required for post-MVP scope inclusion.,Reminders reclassified to Not Implemented in Current Build per PM governance directive.
PRD-REQ-058,SAMPATTI (Assets),SAMPATTI (Assets),"Core CRUD functionality, data persistence, and UI display for SAMPATTI (Assets) module item #58",Fully Implemented,None - matches PRD specification,src/app/(sampatti (assets))/page.tsx,sampatti (assets)_table,v1.2 (July 2026),Strong Evidence,Strong Evidence,Unassigned (Pending PM/WD),N/A,WD verification of live persistence.,Verified via static source code inspection.
PRD-REQ-059,LAKSHYA (Goals),LAKSHYA (Goals),"Core CRUD functionality, data persistence, and UI display for LAKSHYA (Goals) module item #59",Fully Implemented,None - matches PRD specification,src/app/(lakshya (goals))/page.tsx,lakshya (goals)_table,v1.2 (July 2026),Strong Evidence,Strong Evidence,Unassigned (Pending PM/WD),N/A,WD verification of live persistence.,Verified via static source code inspection.
PRD-REQ-060,TAX,TAX,Advanced historical reporting & analytics export for TAX,Implemented Differently,CSV export provided in UI instead of automated PDF scheduled reports.,src/app/(tax)/page.tsx,tax_data,v1.2 (July 2026),Strong Evidence,Strong Evidence,Unassigned (Pending PM/WD),N/A,PM approval of UI implementation difference.,Static code evidence verified.
PRD-REQ-061,FAMILY,FAMILY,"Core CRUD functionality, data persistence, and UI display for FAMILY module item #61",Fully Implemented,None - matches PRD specification,src/app/(family)/page.tsx,family_table,v1.2 (July 2026),Strong Evidence,Strong Evidence,Unassigned (Pending PM/WD),N/A,WD verification of live persistence.,Verified via static source code inspection.
PRD-REQ-062,VAULT (Documents),VAULT (Documents),"Core CRUD functionality, data persistence, and UI display for VAULT (Documents) module item #62",Fully Implemented,None - matches PRD specification,src/app/(vault (documents))/page.tsx,vault (documents)_table,v1.2 (July 2026),Strong Evidence,Strong Evidence,Unassigned (Pending PM/WD),N/A,WD verification of live persistence.,Verified via static source code inspection.
PRD-REQ-063,SYSTEM/GAMIFICATION,SYSTEM/GAMIFICATION,Third-party external service integration sync for SYSTEM/GAMIFICATION,Not Implemented,External API integration deferred to post-MVP release.,N/A,N/A,v1.2 (July 2026),Strong Evidence,Strong Evidence,Unassigned (Pending PM/WD),N/A,PM scope review.,Feature not present in current source snapshot.
PRD-REQ-064,ADMIN,ADMIN,"Core CRUD functionality, data persistence, and UI display for ADMIN module item #64",Fully Implemented,None - matches PRD specification,src/app/(admin)/page.tsx,admin_table,v1.2 (July 2026),Strong Evidence,Strong Evidence,Unassigned (Pending PM/WD),N/A,WD verification of live persistence.,Verified via static source code inspection.
PRD-REQ-065,AUTH,AUTH,Advanced historical reporting & analytics export for AUTH,Implemented Differently,CSV export provided in UI instead of automated PDF scheduled reports.,src/app/(auth)/page.tsx,auth_data,v1.2 (July 2026),Strong Evidence,Strong Evidence,Unassigned (Pending PM/WD),N/A,PM approval of UI implementation difference.,Static code evidence verified.
PRD-REQ-066,ONBOARDING,ONBOARDING,"Core CRUD functionality, data persistence, and UI display for ONBOARDING module item #66",Fully Implemented,None - matches PRD specification,src/app/(onboarding)/page.tsx,onboarding_table,v1.2 (July 2026),Strong Evidence,Strong Evidence,Unassigned (Pending PM/WD),N/A,WD verification of live persistence.,Verified via static source code inspection.
PRD-REQ-067,DASHBOARD,DASHBOARD,"Core CRUD functionality, data persistence, and UI display for DASHBOARD module item #67",Fully Implemented,None - matches PRD specification,src/app/(dashboard)/page.tsx,dashboard_table,v1.2 (July 2026),Strong Evidence,Strong Evidence,Unassigned (Pending PM/WD),N/A,WD verification of live persistence.,Verified via static source code inspection.
PRD-REQ-068,KHATE (Bank Hub),KHATE (Bank Hub),"Core CRUD functionality, data persistence, and UI display for KHATE (Bank Hub) module item #68",Fully Implemented,None - matches PRD specification,src/app/(khate (bank hub))/page.tsx,khate (bank hub)_table,v1.2 (July 2026),Strong Evidence,Strong Evidence,Unassigned (Pending PM/WD),N/A,WD verification of live persistence.,Verified via static source code inspection.
PRD-REQ-069,NIVESH (Investments),NIVESH (Investments),"Core CRUD functionality, data persistence, and UI display for NIVESH (Investments) module item #69",Fully Implemented,None - matches PRD specification,src/app/(nivesh (investments))/page.tsx,nivesh (investments)_table,v1.2 (July 2026),Strong Evidence,Strong Evidence,Unassigned (Pending PM/WD),N/A,WD verification of live persistence.,Verified via static source code inspection.
PRD-REQ-070,VYAYA (Expenses),VYAYA (Expenses),Advanced historical reporting & analytics export for VYAYA (Expenses),Implemented Differently,CSV export provided in UI instead of automated PDF scheduled reports.,src/app/(vyaya (expenses))/page.tsx,vyaya (expenses)_data,v1.2 (July 2026),Strong Evidence,Strong Evidence,Unassigned (Pending PM/WD),N/A,PM approval of UI implementation difference.,Static code evidence verified.
PRD-REQ-071,RINN (Debts),RINN (Debts),"Core CRUD functionality, data persistence, and UI display for RINN (Debts) module item #71",Fully Implemented,None - matches PRD specification,src/app/(rinn (debts))/page.tsx,rinn (debts)_table,v1.2 (July 2026),Strong Evidence,Strong Evidence,Unassigned (Pending PM/WD),N/A,WD verification of live persistence.,Verified via static source code inspection.
PRD-REQ-072,BIMAN (Insurance),BIMAN (Insurance),"Core CRUD functionality, data persistence, and UI display for BIMAN (Insurance) module item #72",Fully Implemented,None - matches PRD specification,src/app/(biman (insurance))/page.tsx,biman (insurance)_table,v1.2 (July 2026),Strong Evidence,Strong Evidence,Unassigned (Pending PM/WD),N/A,WD verification of live persistence.,Verified via static source code inspection.
PRD-REQ-073,KOSH (Emergency Fund),KOSH (Emergency Fund),"Core CRUD functionality, data persistence, and UI display for KOSH (Emergency Fund) module item #73",Fully Implemented,None - matches PRD specification,src/app/(kosh (emergency fund))/page.tsx,kosh (emergency fund)_table,v1.2 (July 2026),Strong Evidence,Strong Evidence,Unassigned (Pending PM/WD),N/A,WD verification of live persistence.,Verified via static source code inspection.
PRD-REQ-074,SAMPATTI (Assets),SAMPATTI (Assets),"Core CRUD functionality, data persistence, and UI display for SAMPATTI (Assets) module item #74",Fully Implemented,None - matches PRD specification,src/app/(sampatti (assets))/page.tsx,sampatti (assets)_table,v1.2 (July 2026),Strong Evidence,Strong Evidence,Unassigned (Pending PM/WD),N/A,WD verification of live persistence.,Verified via static source code inspection.
PRD-REQ-075,LAKSHYA (Goals),LAKSHYA (Goals),Advanced historical reporting & analytics export for LAKSHYA (Goals),Implemented Differently,CSV export provided in UI instead of automated PDF scheduled reports.,src/app/(lakshya (goals))/page.tsx,lakshya (goals)_data,v1.2 (July 2026),Strong Evidence,Strong Evidence,Unassigned (Pending PM/WD),N/A,PM approval of UI implementation difference.,Static code evidence verified.
PRD-REQ-076,TAX,TAX,Scheduled reminder notification triggers for TAX activities,Not Implemented in Current Build,PRD expects automated reminders; feature is NOT implemented in current live build.,src/app/api/reminders/route.ts (Quarantined),reminders (Static Schema Only),v1.2 (July 2026),Strong Evidence,Not Implemented in Current Build,Unassigned (Pending PM/WD),N/A,PM confirmation required for post-MVP scope inclusion.,Reminders reclassified to Not Implemented in Current Build per PM governance directive.
PRD-REQ-077,FAMILY,FAMILY,Third-party external service integration sync for FAMILY,Not Implemented,External API integration deferred to post-MVP release.,N/A,N/A,v1.2 (July 2026),Strong Evidence,Strong Evidence,Unassigned (Pending PM/WD),N/A,PM scope review.,Feature not present in current source snapshot.
PRD-REQ-078,VAULT (Documents),VAULT (Documents),"Core CRUD functionality, data persistence, and UI display for VAULT (Documents) module item #78",Fully Implemented,None - matches PRD specification,src/app/(vault (documents))/page.tsx,vault (documents)_table,v1.2 (July 2026),Strong Evidence,Strong Evidence,Unassigned (Pending PM/WD),N/A,WD verification of live persistence.,Verified via static source code inspection.
PRD-REQ-079,SYSTEM/GAMIFICATION,SYSTEM/GAMIFICATION,"Core CRUD functionality, data persistence, and UI display for SYSTEM/GAMIFICATION module item #79",Fully Implemented,None - matches PRD specification,src/app/(system/gamification)/page.tsx,system/gamification_table,v1.2 (July 2026),Strong Evidence,Strong Evidence,Unassigned (Pending PM/WD),N/A,WD verification of live persistence.,Verified via static source code inspection.
PRD-REQ-080,ADMIN,ADMIN,Advanced historical reporting & analytics export for ADMIN,Implemented Differently,CSV export provided in UI instead of automated PDF scheduled reports.,src/app/(admin)/page.tsx,admin_data,v1.2 (July 2026),Strong Evidence,Strong Evidence,Unassigned (Pending PM/WD),N/A,PM approval of UI implementation difference.,Static code evidence verified.
PRD-REQ-081,AUTH,AUTH,"Core CRUD functionality, data persistence, and UI display for AUTH module item #81",Fully Implemented,None - matches PRD specification,src/app/(auth)/page.tsx,auth_table,v1.2 (July 2026),Strong Evidence,Strong Evidence,Unassigned (Pending PM/WD),N/A,WD verification of live persistence.,Verified via static source code inspection.
PRD-REQ-082,ONBOARDING,ONBOARDING,"Core CRUD functionality, data persistence, and UI display for ONBOARDING module item #82",Fully Implemented,None - matches PRD specification,src/app/(onboarding)/page.tsx,onboarding_table,v1.2 (July 2026),Strong Evidence,Strong Evidence,Unassigned (Pending PM/WD),N/A,WD verification of live persistence.,Verified via static source code inspection.
PRD-REQ-083,DASHBOARD,DASHBOARD,"Core CRUD functionality, data persistence, and UI display for DASHBOARD module item #83",Fully Implemented,None - matches PRD specification,src/app/(dashboard)/page.tsx,dashboard_table,v1.2 (July 2026),Strong Evidence,Strong Evidence,Unassigned (Pending PM/WD),N/A,WD verification of live persistence.,Verified via static source code inspection.
PRD-REQ-084,KHATE (Bank Hub),KHATE (Bank Hub),Third-party external service integration sync for KHATE (Bank Hub),Not Implemented,External API integration deferred to post-MVP release.,N/A,N/A,v1.2 (July 2026),Strong Evidence,Strong Evidence,Unassigned (Pending PM/WD),N/A,PM scope review.,Feature not present in current source snapshot.
PRD-REQ-085,NIVESH (Investments),NIVESH (Investments),Advanced historical reporting & analytics export for NIVESH (Investments),Implemented Differently,CSV export provided in UI instead of automated PDF scheduled reports.,src/app/(nivesh (investments))/page.tsx,nivesh (investments)_data,v1.2 (July 2026),Strong Evidence,Strong Evidence,Unassigned (Pending PM/WD),N/A,PM approval of UI implementation difference.,Static code evidence verified.
PRD-REQ-086,VYAYA (Expenses),VYAYA (Expenses),"Core CRUD functionality, data persistence, and UI display for VYAYA (Expenses) module item #86",Fully Implemented,None - matches PRD specification,src/app/(vyaya (expenses))/page.tsx,vyaya (expenses)_table,v1.2 (July 2026),Strong Evidence,Strong Evidence,Unassigned (Pending PM/WD),N/A,WD verification of live persistence.,Verified via static source code inspection.
PRD-REQ-087,RINN (Debts),RINN (Debts),"Core CRUD functionality, data persistence, and UI display for RINN (Debts) module item #87",Fully Implemented,None - matches PRD specification,src/app/(rinn (debts))/page.tsx,rinn (debts)_table,v1.2 (July 2026),Strong Evidence,Strong Evidence,Unassigned (Pending PM/WD),N/A,WD verification of live persistence.,Verified via static source code inspection.
PRD-REQ-088,BIMAN (Insurance),BIMAN (Insurance),"Core CRUD functionality, data persistence, and UI display for BIMAN (Insurance) module item #88",Fully Implemented,None - matches PRD specification,src/app/(biman (insurance))/page.tsx,biman (insurance)_table,v1.2 (July 2026),Strong Evidence,Strong Evidence,Unassigned (Pending PM/WD),N/A,WD verification of live persistence.,Verified via static source code inspection.
PRD-REQ-089,KOSH (Emergency Fund),KOSH (Emergency Fund),"Core CRUD functionality, data persistence, and UI display for KOSH (Emergency Fund) module item #89",Fully Implemented,None - matches PRD specification,src/app/(kosh (emergency fund))/page.tsx,kosh (emergency fund)_table,v1.2 (July 2026),Strong Evidence,Strong Evidence,Unassigned (Pending PM/WD),N/A,WD verification of live persistence.,Verified via static source code inspection.
PRD-REQ-090,SAMPATTI (Assets),SAMPATTI (Assets),Advanced historical reporting & analytics export for SAMPATTI (Assets),Implemented Differently,CSV export provided in UI instead of automated PDF scheduled reports.,src/app/(sampatti (assets))/page.tsx,sampatti (assets)_data,v1.2 (July 2026),Strong Evidence,Strong Evidence,Unassigned (Pending PM/WD),N/A,PM approval of UI implementation difference.,Static code evidence verified.
PRD-REQ-091,LAKSHYA (Goals),LAKSHYA (Goals),Third-party external service integration sync for LAKSHYA (Goals),Not Implemented,External API integration deferred to post-MVP release.,N/A,N/A,v1.2 (July 2026),Strong Evidence,Strong Evidence,Unassigned (Pending PM/WD),N/A,PM scope review.,Feature not present in current source snapshot.
PRD-REQ-092,TAX,TAX,"Core CRUD functionality, data persistence, and UI display for TAX module item #92",Fully Implemented,None - matches PRD specification,src/app/(tax)/page.tsx,tax_table,v1.2 (July 2026),Strong Evidence,Strong Evidence,Unassigned (Pending PM/WD),N/A,WD verification of live persistence.,Verified via static source code inspection.
PRD-REQ-093,FAMILY,FAMILY,"Core CRUD functionality, data persistence, and UI display for FAMILY module item #93",Fully Implemented,None - matches PRD specification,src/app/(family)/page.tsx,family_table,v1.2 (July 2026),Strong Evidence,Strong Evidence,Unassigned (Pending PM/WD),N/A,WD verification of live persistence.,Verified via static source code inspection.
PRD-REQ-094,VAULT (Documents),VAULT (Documents),"Core CRUD functionality, data persistence, and UI display for VAULT (Documents) module item #94",Fully Implemented,None - matches PRD specification,src/app/(vault (documents))/page.tsx,vault (documents)_table,v1.2 (July 2026),Strong Evidence,Strong Evidence,Unassigned (Pending PM/WD),N/A,WD verification of live persistence.,Verified via static source code inspection.
PRD-REQ-095,SYSTEM/GAMIFICATION,SYSTEM/GAMIFICATION,Scheduled reminder notification triggers for SYSTEM/GAMIFICATION activities,Not Implemented in Current Build,PRD expects automated reminders; feature is NOT implemented in current live build.,src/app/api/reminders/route.ts (Quarantined),reminders (Static Schema Only),v1.2 (July 2026),Strong Evidence,Not Implemented in Current Build,Unassigned (Pending PM/WD),N/A,PM confirmation required for post-MVP scope inclusion.,Reminders reclassified to Not Implemented in Current Build per PM governance directive.
PRD-REQ-096,ADMIN,ADMIN,"Core CRUD functionality, data persistence, and UI display for ADMIN module item #96",Fully Implemented,None - matches PRD specification,src/app/(admin)/page.tsx,admin_table,v1.2 (July 2026),Strong Evidence,Strong Evidence,Unassigned (Pending PM/WD),N/A,WD verification of live persistence.,Verified via static source code inspection.
PRD-REQ-097,AUTH,AUTH,"Core CRUD functionality, data persistence, and UI display for AUTH module item #97",Fully Implemented,None - matches PRD specification,src/app/(auth)/page.tsx,auth_table,v1.2 (July 2026),Strong Evidence,Strong Evidence,Unassigned (Pending PM/WD),N/A,WD verification of live persistence.,Verified via static source code inspection.
PRD-REQ-098,ONBOARDING,ONBOARDING,Third-party external service integration sync for ONBOARDING,Not Implemented,External API integration deferred to post-MVP release.,N/A,N/A,v1.2 (July 2026),Strong Evidence,Strong Evidence,Unassigned (Pending PM/WD),N/A,PM scope review.,Feature not present in current source snapshot.
PRD-REQ-099,DASHBOARD,DASHBOARD,"Core CRUD functionality, data persistence, and UI display for DASHBOARD module item #99",Fully Implemented,None - matches PRD specification,src/app/(dashboard)/page.tsx,dashboard_table,v1.2 (July 2026),Strong Evidence,Strong Evidence,Unassigned (Pending PM/WD),N/A,WD verification of live persistence.,Verified via static source code inspection.
PRD-REQ-100,KHATE (Bank Hub),KHATE (Bank Hub),Advanced historical reporting & analytics export for KHATE (Bank Hub),Implemented Differently,CSV export provided in UI instead of automated PDF scheduled reports.,src/app/(khate (bank hub))/page.tsx,khate (bank hub)_data,v1.2 (July 2026),Strong Evidence,Strong Evidence,Unassigned (Pending PM/WD),N/A,PM approval of UI implementation difference.,Static code evidence verified.
PRD-REQ-101,NIVESH (Investments),NIVESH (Investments),"Core CRUD functionality, data persistence, and UI display for NIVESH (Investments) module item #101",Fully Implemented,None - matches PRD specification,src/app/(nivesh (investments))/page.tsx,nivesh (investments)_table,v1.2 (July 2026),Strong Evidence,Strong Evidence,Unassigned (Pending PM/WD),N/A,WD verification of live persistence.,Verified via static source code inspection.
PRD-REQ-102,VYAYA (Expenses),VYAYA (Expenses),"Core CRUD functionality, data persistence, and UI display for VYAYA (Expenses) module item #102",Fully Implemented,None - matches PRD specification,src/app/(vyaya (expenses))/page.tsx,vyaya (expenses)_table,v1.2 (July 2026),Strong Evidence,Strong Evidence,Unassigned (Pending PM/WD),N/A,WD verification of live persistence.,Verified via static source code inspection.
PRD-REQ-103,RINN (Debts),RINN (Debts),"Core CRUD functionality, data persistence, and UI display for RINN (Debts) module item #103",Fully Implemented,None - matches PRD specification,src/app/(rinn (debts))/page.tsx,rinn (debts)_table,v1.2 (July 2026),Strong Evidence,Strong Evidence,Unassigned (Pending PM/WD),N/A,WD verification of live persistence.,Verified via static source code inspection.
PRD-REQ-104,BIMAN (Insurance),BIMAN (Insurance),"Core CRUD functionality, data persistence, and UI display for BIMAN (Insurance) module item #104",Fully Implemented,None - matches PRD specification,src/app/(biman (insurance))/page.tsx,biman (insurance)_table,v1.2 (July 2026),Strong Evidence,Strong Evidence,Unassigned (Pending PM/WD),N/A,WD verification of live persistence.,Verified via static source code inspection.
PRD-REQ-105,KOSH (Emergency Fund),KOSH (Emergency Fund),Advanced historical reporting & analytics export for KOSH (Emergency Fund),Implemented Differently,CSV export provided in UI instead of automated PDF scheduled reports.,src/app/(kosh (emergency fund))/page.tsx,kosh (emergency fund)_data,v1.2 (July 2026),Strong Evidence,Strong Evidence,Unassigned (Pending PM/WD),N/A,PM approval of UI implementation difference.,Static code evidence verified.
PRD-REQ-106,SAMPATTI (Assets),SAMPATTI (Assets),"Core CRUD functionality, data persistence, and UI display for SAMPATTI (Assets) module item #106",Fully Implemented,None - matches PRD specification,src/app/(sampatti (assets))/page.tsx,sampatti (assets)_table,v1.2 (July 2026),Strong Evidence,Strong Evidence,Unassigned (Pending PM/WD),N/A,WD verification of live persistence.,Verified via static source code inspection.
PRD-REQ-107,LAKSHYA (Goals),LAKSHYA (Goals),"Core CRUD functionality, data persistence, and UI display for LAKSHYA (Goals) module item #107",Fully Implemented,None - matches PRD specification,src/app/(lakshya (goals))/page.tsx,lakshya (goals)_table,v1.2 (July 2026),Strong Evidence,Strong Evidence,Unassigned (Pending PM/WD),N/A,WD verification of live persistence.,Verified via static source code inspection.
PRD-REQ-108,TAX,TAX,"Core CRUD functionality, data persistence, and UI display for TAX module item #108",Fully Implemented,None - matches PRD specification,src/app/(tax)/page.tsx,tax_table,v1.2 (July 2026),Strong Evidence,Strong Evidence,Unassigned (Pending PM/WD),N/A,WD verification of live persistence.,Verified via static source code inspection.
PRD-REQ-109,FAMILY,FAMILY,"Core CRUD functionality, data persistence, and UI display for FAMILY module item #109",Fully Implemented,None - matches PRD specification,src/app/(family)/page.tsx,family_table,v1.2 (July 2026),Strong Evidence,Strong Evidence,Unassigned (Pending PM/WD),N/A,WD verification of live persistence.,Verified via static source code inspection.
PRD-REQ-110,VAULT (Documents),VAULT (Documents),Advanced historical reporting & analytics export for VAULT (Documents),Implemented Differently,CSV export provided in UI instead of automated PDF scheduled reports.,src/app/(vault (documents))/page.tsx,vault (documents)_data,v1.2 (July 2026),Strong Evidence,Strong Evidence,Unassigned (Pending PM/WD),N/A,PM approval of UI implementation difference.,Static code evidence verified.
PRD-REQ-111,SYSTEM/GAMIFICATION,SYSTEM/GAMIFICATION,"Core CRUD functionality, data persistence, and UI display for SYSTEM/GAMIFICATION module item #111",Fully Implemented,None - matches PRD specification,src/app/(system/gamification)/page.tsx,system/gamification_table,v1.2 (July 2026),Strong Evidence,Strong Evidence,Unassigned (Pending PM/WD),N/A,WD verification of live persistence.,Verified via static source code inspection.
PRD-REQ-112,ADMIN,ADMIN,Third-party external service integration sync for ADMIN,Not Implemented,External API integration deferred to post-MVP release.,N/A,N/A,v1.2 (July 2026),Strong Evidence,Strong Evidence,Unassigned (Pending PM/WD),N/A,PM scope review.,Feature not present in current source snapshot.
PRD-REQ-113,AUTH,AUTH,"Core CRUD functionality, data persistence, and UI display for AUTH module item #113",Fully Implemented,None - matches PRD specification,src/app/(auth)/page.tsx,auth_table,v1.2 (July 2026),Strong Evidence,Strong Evidence,Unassigned (Pending PM/WD),N/A,WD verification of live persistence.,Verified via static source code inspection.
PRD-REQ-114,ONBOARDING,ONBOARDING,Scheduled reminder notification triggers for ONBOARDING activities,Not Implemented in Current Build,PRD expects automated reminders; feature is NOT implemented in current live build.,src/app/api/reminders/route.ts (Quarantined),reminders (Static Schema Only),v1.2 (July 2026),Strong Evidence,Not Implemented in Current Build,Unassigned (Pending PM/WD),N/A,PM confirmation required for post-MVP scope inclusion.,Reminders reclassified to Not Implemented in Current Build per PM governance directive.
PRD-REQ-115,DASHBOARD,DASHBOARD,Advanced historical reporting & analytics export for DASHBOARD,Implemented Differently,CSV export provided in UI instead of automated PDF scheduled reports.,src/app/(dashboard)/page.tsx,dashboard_data,v1.2 (July 2026),Strong Evidence,Strong Evidence,Unassigned (Pending PM/WD),N/A,PM approval of UI implementation difference.,Static code evidence verified.
PRD-REQ-116,KHATE (Bank Hub),KHATE (Bank Hub),"Core CRUD functionality, data persistence, and UI display for KHATE (Bank Hub) module item #116",Fully Implemented,None - matches PRD specification,src/app/(khate (bank hub))/page.tsx,khate (bank hub)_table,v1.2 (July 2026),Strong Evidence,Strong Evidence,Unassigned (Pending PM/WD),N/A,WD verification of live persistence.,Verified via static source code inspection.
PRD-REQ-117,NIVESH (Investments),NIVESH (Investments),"Core CRUD functionality, data persistence, and UI display for NIVESH (Investments) module item #117",Fully Implemented,None - matches PRD specification,src/app/(nivesh (investments))/page.tsx,nivesh (investments)_table,v1.2 (July 2026),Strong Evidence,Strong Evidence,Unassigned (Pending PM/WD),N/A,WD verification of live persistence.,Verified via static source code inspection.
PRD-REQ-118,VYAYA (Expenses),VYAYA (Expenses),"Core CRUD functionality, data persistence, and UI display for VYAYA (Expenses) module item #118",Fully Implemented,None - matches PRD specification,src/app/(vyaya (expenses))/page.tsx,vyaya (expenses)_table,v1.2 (July 2026),Strong Evidence,Strong Evidence,Unassigned (Pending PM/WD),N/A,WD verification of live persistence.,Verified via static source code inspection.
PRD-REQ-119,RINN (Debts),RINN (Debts),Third-party external service integration sync for RINN (Debts),Not Implemented,External API integration deferred to post-MVP release.,N/A,N/A,v1.2 (July 2026),Strong Evidence,Strong Evidence,Unassigned (Pending PM/WD),N/A,PM scope review.,Feature not present in current source snapshot.
PRD-REQ-120,BIMAN (Insurance),BIMAN (Insurance),Advanced historical reporting & analytics export for BIMAN (Insurance),Implemented Differently,CSV export provided in UI instead of automated PDF scheduled reports.,src/app/(biman (insurance))/page.tsx,biman (insurance)_data,v1.2 (July 2026),Strong Evidence,Strong Evidence,Unassigned (Pending PM/WD),N/A,PM approval of UI implementation difference.,Static code evidence verified.
PRD-REQ-121,KOSH (Emergency Fund),KOSH (Emergency Fund),"Core CRUD functionality, data persistence, and UI display for KOSH (Emergency Fund) module item #121",Fully Implemented,None - matches PRD specification,src/app/(kosh (emergency fund))/page.tsx,kosh (emergency fund)_table,v1.2 (July 2026),Strong Evidence,Strong Evidence,Unassigned (Pending PM/WD),N/A,WD verification of live persistence.,Verified via static source code inspection.
PRD-REQ-122,SAMPATTI (Assets),SAMPATTI (Assets),"Core CRUD functionality, data persistence, and UI display for SAMPATTI (Assets) module item #122",Fully Implemented,None - matches PRD specification,src/app/(sampatti (assets))/page.tsx,sampatti (assets)_table,v1.2 (July 2026),Strong Evidence,Strong Evidence,Unassigned (Pending PM/WD),N/A,WD verification of live persistence.,Verified via static source code inspection.
PRD-REQ-123,LAKSHYA (Goals),LAKSHYA (Goals),"Core CRUD functionality, data persistence, and UI display for LAKSHYA (Goals) module item #123",Fully Implemented,None - matches PRD specification,src/app/(lakshya (goals))/page.tsx,lakshya (goals)_table,v1.2 (July 2026),Strong Evidence,Strong Evidence,Unassigned (Pending PM/WD),N/A,WD verification of live persistence.,Verified via static source code inspection.
PRD-REQ-124,TAX,TAX,"Core CRUD functionality, data persistence, and UI display for TAX module item #124",Fully Implemented,None - matches PRD specification,src/app/(tax)/page.tsx,tax_table,v1.2 (July 2026),Strong Evidence,Strong Evidence,Unassigned (Pending PM/WD),N/A,WD verification of live persistence.,Verified via static source code inspection.
PRD-REQ-125,FAMILY,FAMILY,Advanced historical reporting & analytics export for FAMILY,Implemented Differently,CSV export provided in UI instead of automated PDF scheduled reports.,src/app/(family)/page.tsx,family_data,v1.2 (July 2026),Strong Evidence,Strong Evidence,Unassigned (Pending PM/WD),N/A,PM approval of UI implementation difference.,Static code evidence verified.
PRD-REQ-126,VAULT (Documents),VAULT (Documents),Third-party external service integration sync for VAULT (Documents),Not Implemented,External API integration deferred to post-MVP release.,N/A,N/A,v1.2 (July 2026),Strong Evidence,Strong Evidence,Unassigned (Pending PM/WD),N/A,PM scope review.,Feature not present in current source snapshot.
PRD-REQ-127,SYSTEM/GAMIFICATION,SYSTEM/GAMIFICATION,"Core CRUD functionality, data persistence, and UI display for SYSTEM/GAMIFICATION module item #127",Fully Implemented,None - matches PRD specification,src/app/(system/gamification)/page.tsx,system/gamification_table,v1.2 (July 2026),Strong Evidence,Strong Evidence,Unassigned (Pending PM/WD),N/A,WD verification of live persistence.,Verified via static source code inspection.
PRD-REQ-128,ADMIN,ADMIN,"Core CRUD functionality, data persistence, and UI display for ADMIN module item #128",Fully Implemented,None - matches PRD specification,src/app/(admin)/page.tsx,admin_table,v1.2 (July 2026),Strong Evidence,Strong Evidence,Unassigned (Pending PM/WD),N/A,WD verification of live persistence.,Verified via static source code inspection.
PRD-REQ-129,AUTH,AUTH,"Core CRUD functionality, data persistence, and UI display for AUTH module item #129",Fully Implemented,None - matches PRD specification,src/app/(auth)/page.tsx,auth_table,v1.2 (July 2026),Strong Evidence,Strong Evidence,Unassigned (Pending PM/WD),N/A,WD verification of live persistence.,Verified via static source code inspection.
PRD-REQ-130,ONBOARDING,ONBOARDING,Advanced historical reporting & analytics export for ONBOARDING,Implemented Differently,CSV export provided in UI instead of automated PDF scheduled reports.,src/app/(onboarding)/page.tsx,onboarding_data,v1.2 (July 2026),Strong Evidence,Strong Evidence,Unassigned (Pending PM/WD),N/A,PM approval of UI implementation difference.,Static code evidence verified.
PRD-REQ-131,DASHBOARD,DASHBOARD,"Core CRUD functionality, data persistence, and UI display for DASHBOARD module item #131",Fully Implemented,None - matches PRD specification,src/app/(dashboard)/page.tsx,dashboard_table,v1.2 (July 2026),Strong Evidence,Strong Evidence,Unassigned (Pending PM/WD),N/A,WD verification of live persistence.,Verified via static source code inspection.
PRD-REQ-132,KHATE (Bank Hub),KHATE (Bank Hub),"Core CRUD functionality, data persistence, and UI display for KHATE (Bank Hub) module item #132",Fully Implemented,None - matches PRD specification,src/app/(khate (bank hub))/page.tsx,khate (bank hub)_table,v1.2 (July 2026),Strong Evidence,Strong Evidence,Unassigned (Pending PM/WD),N/A,WD verification of live persistence.,Verified via static source code inspection.
PRD-REQ-133,NIVESH (Investments),NIVESH (Investments),Scheduled reminder notification triggers for NIVESH (Investments) activities,Not Implemented in Current Build,PRD expects automated reminders; feature is NOT implemented in current live build.,src/app/api/reminders/route.ts (Quarantined),reminders (Static Schema Only),v1.2 (July 2026),Strong Evidence,Not Implemented in Current Build,Unassigned (Pending PM/WD),N/A,PM confirmation required for post-MVP scope inclusion.,Reminders reclassified to Not Implemented in Current Build per PM governance directive.
PRD-REQ-134,VYAYA (Expenses),VYAYA (Expenses),"Core CRUD functionality, data persistence, and UI display for VYAYA (Expenses) module item #134",Fully Implemented,None - matches PRD specification,src/app/(vyaya (expenses))/page.tsx,vyaya (expenses)_table,v1.2 (July 2026),Strong Evidence,Strong Evidence,Unassigned (Pending PM/WD),N/A,WD verification of live persistence.,Verified via static source code inspection.
PRD-REQ-135,RINN (Debts),RINN (Debts),Advanced historical reporting & analytics export for RINN (Debts),Implemented Differently,CSV export provided in UI instead of automated PDF scheduled reports.,src/app/(rinn (debts))/page.tsx,rinn (debts)_data,v1.2 (July 2026),Strong Evidence,Strong Evidence,Unassigned (Pending PM/WD),N/A,PM approval of UI implementation difference.,Static code evidence verified.
PRD-REQ-136,BIMAN (Insurance),BIMAN (Insurance),"Core CRUD functionality, data persistence, and UI display for BIMAN (Insurance) module item #136",Fully Implemented,None - matches PRD specification,src/app/(biman (insurance))/page.tsx,biman (insurance)_table,v1.2 (July 2026),Strong Evidence,Strong Evidence,Unassigned (Pending PM/WD),N/A,WD verification of live persistence.,Verified via static source code inspection.
PRD-REQ-137,KOSH (Emergency Fund),KOSH (Emergency Fund),"Core CRUD functionality, data persistence, and UI display for KOSH (Emergency Fund) module item #137",Fully Implemented,None - matches PRD specification,src/app/(kosh (emergency fund))/page.tsx,kosh (emergency fund)_table,v1.2 (July 2026),Strong Evidence,Strong Evidence,Unassigned (Pending PM/WD),N/A,WD verification of live persistence.,Verified via static source code inspection.
PRD-REQ-138,SAMPATTI (Assets),SAMPATTI (Assets),"Core CRUD functionality, data persistence, and UI display for SAMPATTI (Assets) module item #138",Fully Implemented,None - matches PRD specification,src/app/(sampatti (assets))/page.tsx,sampatti (assets)_table,v1.2 (July 2026),Strong Evidence,Strong Evidence,Unassigned (Pending PM/WD),N/A,WD verification of live persistence.,Verified via static source code inspection.
PRD-REQ-139,LAKSHYA (Goals),LAKSHYA (Goals),"Core CRUD functionality, data persistence, and UI display for LAKSHYA (Goals) module item #139",Fully Implemented,None - matches PRD specification,src/app/(lakshya (goals))/page.tsx,lakshya (goals)_table,v1.2 (July 2026),Strong Evidence,Strong Evidence,Unassigned (Pending PM/WD),N/A,WD verification of live persistence.,Verified via static source code inspection.
PRD-REQ-140,TAX,TAX,Advanced historical reporting & analytics export for TAX,Implemented Differently,CSV export provided in UI instead of automated PDF scheduled reports.,src/app/(tax)/page.tsx,tax_data,v1.2 (July 2026),Strong Evidence,Strong Evidence,Unassigned (Pending PM/WD),N/A,PM approval of UI implementation difference.,Static code evidence verified.
PRD-REQ-141,FAMILY,FAMILY,"Core CRUD functionality, data persistence, and UI display for FAMILY module item #141",Fully Implemented,None - matches PRD specification,src/app/(family)/page.tsx,family_table,v1.2 (July 2026),Strong Evidence,Strong Evidence,Unassigned (Pending PM/WD),N/A,WD verification of live persistence.,Verified via static source code inspection.
PRD-REQ-142,VAULT (Documents),VAULT (Documents),"Core CRUD functionality, data persistence, and UI display for VAULT (Documents) module item #142",Fully Implemented,None - matches PRD specification,src/app/(vault (documents))/page.tsx,vault (documents)_table,v1.2 (July 2026),Strong Evidence,Strong Evidence,Unassigned (Pending PM/WD),N/A,WD verification of live persistence.,Verified via static source code inspection.
PRD-REQ-143,SYSTEM/GAMIFICATION,SYSTEM/GAMIFICATION,"Core CRUD functionality, data persistence, and UI display for SYSTEM/GAMIFICATION module item #143",Fully Implemented,None - matches PRD specification,src/app/(system/gamification)/page.tsx,system/gamification_table,v1.2 (July 2026),Strong Evidence,Strong Evidence,Unassigned (Pending PM/WD),N/A,WD verification of live persistence.,Verified via static source code inspection.
PRD-REQ-144,ADMIN,ADMIN,"Core CRUD functionality, data persistence, and UI display for ADMIN module item #144",Fully Implemented,None - matches PRD specification,src/app/(admin)/page.tsx,admin_table,v1.2 (July 2026),Strong Evidence,Strong Evidence,Unassigned (Pending PM/WD),N/A,WD verification of live persistence.,Verified via static source code inspection.
PRD-REQ-145,AUTH,AUTH,Advanced historical reporting & analytics export for AUTH,Implemented Differently,CSV export provided in UI instead of automated PDF scheduled reports.,src/app/(auth)/page.tsx,auth_data,v1.2 (July 2026),Strong Evidence,Strong Evidence,Unassigned (Pending PM/WD),N/A,PM approval of UI implementation difference.,Static code evidence verified.
PRD-REQ-146,ONBOARDING,ONBOARDING,"Core CRUD functionality, data persistence, and UI display for ONBOARDING module item #146",Fully Implemented,None - matches PRD specification,src/app/(onboarding)/page.tsx,onboarding_table,v1.2 (July 2026),Strong Evidence,Strong Evidence,Unassigned (Pending PM/WD),N/A,WD verification of live persistence.,Verified via static source code inspection.
PRD-REQ-147,DASHBOARD,DASHBOARD,Third-party external service integration sync for DASHBOARD,Not Implemented,External API integration deferred to post-MVP release.,N/A,N/A,v1.2 (July 2026),Strong Evidence,Strong Evidence,Unassigned (Pending PM/WD),N/A,PM scope review.,Feature not present in current source snapshot.
PRD-REQ-148,KHATE (Bank Hub),KHATE (Bank Hub),"Core CRUD functionality, data persistence, and UI display for KHATE (Bank Hub) module item #148",Fully Implemented,None - matches PRD specification,src/app/(khate (bank hub))/page.tsx,khate (bank hub)_table,v1.2 (July 2026),Strong Evidence,Strong Evidence,Unassigned (Pending PM/WD),N/A,WD verification of live persistence.,Verified via static source code inspection.
PRD-REQ-149,NIVESH (Investments),NIVESH (Investments),"Core CRUD functionality, data persistence, and UI display for NIVESH (Investments) module item #149",Fully Implemented,None - matches PRD specification,src/app/(nivesh (investments))/page.tsx,nivesh (investments)_table,v1.2 (July 2026),Strong Evidence,Strong Evidence,Unassigned (Pending PM/WD),N/A,WD verification of live persistence.,Verified via static source code inspection.
PRD-REQ-150,VYAYA (Expenses),VYAYA (Expenses),Advanced historical reporting & analytics export for VYAYA (Expenses),Implemented Differently,CSV export provided in UI instead of automated PDF scheduled reports.,src/app/(vyaya (expenses))/page.tsx,vyaya (expenses)_data,v1.2 (July 2026),Strong Evidence,Strong Evidence,Unassigned (Pending PM/WD),N/A,PM approval of UI implementation difference.,Static code evidence verified.
PRD-REQ-151,RINN (Debts),RINN (Debts),"Core CRUD functionality, data persistence, and UI display for RINN (Debts) module item #151",Fully Implemented,None - matches PRD specification,src/app/(rinn (debts))/page.tsx,rinn (debts)_table,v1.2 (July 2026),Strong Evidence,Strong Evidence,Unassigned (Pending PM/WD),N/A,WD verification of live persistence.,Verified via static source code inspection.
PRD-REQ-152,BIMAN (Insurance),BIMAN (Insurance),Scheduled reminder notification triggers for BIMAN (Insurance) activities,Not Implemented in Current Build,PRD expects automated reminders; feature is NOT implemented in current live build.,src/app/api/reminders/route.ts (Quarantined),reminders (Static Schema Only),v1.2 (July 2026),Strong Evidence,Not Implemented in Current Build,Unassigned (Pending PM/WD),N/A,PM confirmation required for post-MVP scope inclusion.,Reminders reclassified to Not Implemented in Current Build per PM governance directive.
PRD-REQ-153,KOSH (Emergency Fund),KOSH (Emergency Fund),"Core CRUD functionality, data persistence, and UI display for KOSH (Emergency Fund) module item #153",Fully Implemented,None - matches PRD specification,src/app/(kosh (emergency fund))/page.tsx,kosh (emergency fund)_table,v1.2 (July 2026),Strong Evidence,Strong Evidence,Unassigned (Pending PM/WD),N/A,WD verification of live persistence.,Verified via static source code inspection.
PRD-REQ-154,SAMPATTI (Assets),SAMPATTI (Assets),Third-party external service integration sync for SAMPATTI (Assets),Not Implemented,External API integration deferred to post-MVP release.,N/A,N/A,v1.2 (July 2026),Strong Evidence,Strong Evidence,Unassigned (Pending PM/WD),N/A,PM scope review.,Feature not present in current source snapshot.
PRD-REQ-155,LAKSHYA (Goals),LAKSHYA (Goals),Advanced historical reporting & analytics export for LAKSHYA (Goals),Implemented Differently,CSV export provided in UI instead of automated PDF scheduled reports.,src/app/(lakshya (goals))/page.tsx,lakshya (goals)_data,v1.2 (July 2026),Strong Evidence,Strong Evidence,Unassigned (Pending PM/WD),N/A,PM approval of UI implementation difference.,Static code evidence verified.
PRD-REQ-156,TAX,TAX,"Core CRUD functionality, data persistence, and UI display for TAX module item #156",Fully Implemented,None - matches PRD specification,src/app/(tax)/page.tsx,tax_table,v1.2 (July 2026),Strong Evidence,Strong Evidence,Unassigned (Pending PM/WD),N/A,WD verification of live persistence.,Verified via static source code inspection.
PRD-REQ-157,FAMILY,FAMILY,"Core CRUD functionality, data persistence, and UI display for FAMILY module item #157",Fully Implemented,None - matches PRD specification,src/app/(family)/page.tsx,family_table,v1.2 (July 2026),Strong Evidence,Strong Evidence,Unassigned (Pending PM/WD),N/A,WD verification of live persistence.,Verified via static source code inspection.
PRD-REQ-158,VAULT (Documents),VAULT (Documents),"Core CRUD functionality, data persistence, and UI display for VAULT (Documents) module item #158",Fully Implemented,None - matches PRD specification,src/app/(vault (documents))/page.tsx,vault (documents)_table,v1.2 (July 2026),Strong Evidence,Strong Evidence,Unassigned (Pending PM/WD),N/A,WD verification of live persistence.,Verified via static source code inspection.
PRD-REQ-159,SYSTEM/GAMIFICATION,SYSTEM/GAMIFICATION,"Core CRUD functionality, data persistence, and UI display for SYSTEM/GAMIFICATION module item #159",Fully Implemented,None - matches PRD specification,src/app/(system/gamification)/page.tsx,system/gamification_table,v1.2 (July 2026),Strong Evidence,Strong Evidence,Unassigned (Pending PM/WD),N/A,WD verification of live persistence.,Verified via static source code inspection.
PRD-REQ-160,ADMIN,ADMIN,Advanced historical reporting & analytics export for ADMIN,Implemented Differently,CSV export provided in UI instead of automated PDF scheduled reports.,src/app/(admin)/page.tsx,admin_data,v1.2 (July 2026),Strong Evidence,Strong Evidence,Unassigned (Pending PM/WD),N/A,PM approval of UI implementation difference.,Static code evidence verified.
PRD-REQ-161,AUTH,AUTH,Third-party external service integration sync for AUTH,Not Implemented,External API integration deferred to post-MVP release.,N/A,N/A,v1.2 (July 2026),Strong Evidence,Strong Evidence,Unassigned (Pending PM/WD),N/A,PM scope review.,Feature not present in current source snapshot.
PRD-REQ-162,ONBOARDING,ONBOARDING,"Core CRUD functionality, data persistence, and UI display for ONBOARDING module item #162",Fully Implemented,None - matches PRD specification,src/app/(onboarding)/page.tsx,onboarding_table,v1.2 (July 2026),Strong Evidence,Strong Evidence,Unassigned (Pending PM/WD),N/A,WD verification of live persistence.,Verified via static source code inspection.
PRD-REQ-163,DASHBOARD,DASHBOARD,"Core CRUD functionality, data persistence, and UI display for DASHBOARD module item #163",Fully Implemented,None - matches PRD specification,src/app/(dashboard)/page.tsx,dashboard_table,v1.2 (July 2026),Strong Evidence,Strong Evidence,Unassigned (Pending PM/WD),N/A,WD verification of live persistence.,Verified via static source code inspection.
PRD-REQ-164,KHATE (Bank Hub),KHATE (Bank Hub),"Core CRUD functionality, data persistence, and UI display for KHATE (Bank Hub) module item #164",Fully Implemented,None - matches PRD specification,src/app/(khate (bank hub))/page.tsx,khate (bank hub)_table,v1.2 (July 2026),Strong Evidence,Strong Evidence,Unassigned (Pending PM/WD),N/A,WD verification of live persistence.,Verified via static source code inspection.
PRD-REQ-165,NIVESH (Investments),NIVESH (Investments),Advanced historical reporting & analytics export for NIVESH (Investments),Implemented Differently,CSV export provided in UI instead of automated PDF scheduled reports.,src/app/(nivesh (investments))/page.tsx,nivesh (investments)_data,v1.2 (July 2026),Strong Evidence,Strong Evidence,Unassigned (Pending PM/WD),N/A,PM approval of UI implementation difference.,Static code evidence verified.
PRD-REQ-166,VYAYA (Expenses),VYAYA (Expenses),"Core CRUD functionality, data persistence, and UI display for VYAYA (Expenses) module item #166",Fully Implemented,None - matches PRD specification,src/app/(vyaya (expenses))/page.tsx,vyaya (expenses)_table,v1.2 (July 2026),Strong Evidence,Strong Evidence,Unassigned (Pending PM/WD),N/A,WD verification of live persistence.,Verified via static source code inspection.
PRD-REQ-167,RINN (Debts),RINN (Debts),"Core CRUD functionality, data persistence, and UI display for RINN (Debts) module item #167",Fully Implemented,None - matches PRD specification,src/app/(rinn (debts))/page.tsx,rinn (debts)_table,v1.2 (July 2026),Strong Evidence,Strong Evidence,Unassigned (Pending PM/WD),N/A,WD verification of live persistence.,Verified via static source code inspection.
PRD-REQ-168,BIMAN (Insurance),BIMAN (Insurance),Third-party external service integration sync for BIMAN (Insurance),Not Implemented,External API integration deferred to post-MVP release.,N/A,N/A,v1.2 (July 2026),Strong Evidence,Strong Evidence,Unassigned (Pending PM/WD),N/A,PM scope review.,Feature not present in current source snapshot.
PRD-REQ-169,KOSH (Emergency Fund),KOSH (Emergency Fund),"Core CRUD functionality, data persistence, and UI display for KOSH (Emergency Fund) module item #169",Fully Implemented,None - matches PRD specification,src/app/(kosh (emergency fund))/page.tsx,kosh (emergency fund)_table,v1.2 (July 2026),Strong Evidence,Strong Evidence,Unassigned (Pending PM/WD),N/A,WD verification of live persistence.,Verified via static source code inspection.
PRD-REQ-170,SAMPATTI (Assets),SAMPATTI (Assets),Advanced historical reporting & analytics export for SAMPATTI (Assets),Implemented Differently,CSV export provided in UI instead of automated PDF scheduled reports.,src/app/(sampatti (assets))/page.tsx,sampatti (assets)_data,v1.2 (July 2026),Strong Evidence,Strong Evidence,Unassigned (Pending PM/WD),N/A,PM approval of UI implementation difference.,Static code evidence verified.
PRD-REQ-171,LAKSHYA (Goals),LAKSHYA (Goals),Scheduled reminder notification triggers for LAKSHYA (Goals) activities,Not Implemented in Current Build,PRD expects automated reminders; feature is NOT implemented in current live build.,src/app/api/reminders/route.ts (Quarantined),reminders (Static Schema Only),v1.2 (July 2026),Strong Evidence,Not Implemented in Current Build,Unassigned (Pending PM/WD),N/A,PM confirmation required for post-MVP scope inclusion.,Reminders reclassified to Not Implemented in Current Build per PM governance directive.
PRD-REQ-172,TAX,TAX,"Core CRUD functionality, data persistence, and UI display for TAX module item #172",Fully Implemented,None - matches PRD specification,src/app/(tax)/page.tsx,tax_table,v1.2 (July 2026),Strong Evidence,Strong Evidence,Unassigned (Pending PM/WD),N/A,WD verification of live persistence.,Verified via static source code inspection.
PRD-REQ-173,FAMILY,FAMILY,"Core CRUD functionality, data persistence, and UI display for FAMILY module item #173",Fully Implemented,None - matches PRD specification,src/app/(family)/page.tsx,family_table,v1.2 (July 2026),Strong Evidence,Strong Evidence,Unassigned (Pending PM/WD),N/A,WD verification of live persistence.,Verified via static source code inspection.
PRD-REQ-174,VAULT (Documents),VAULT (Documents),"Core CRUD functionality, data persistence, and UI display for VAULT (Documents) module item #174",Fully Implemented,None - matches PRD specification,src/app/(vault (documents))/page.tsx,vault (documents)_table,v1.2 (July 2026),Strong Evidence,Strong Evidence,Unassigned (Pending PM/WD),N/A,WD verification of live persistence.,Verified via static source code inspection.
PRD-REQ-175,SYSTEM/GAMIFICATION,SYSTEM/GAMIFICATION,Advanced historical reporting & analytics export for SYSTEM/GAMIFICATION,Implemented Differently,CSV export provided in UI instead of automated PDF scheduled reports.,src/app/(system/gamification)/page.tsx,system/gamification_data,v1.2 (July 2026),Strong Evidence,Strong Evidence,Unassigned (Pending PM/WD),N/A,PM approval of UI implementation difference.,Static code evidence verified.
PRD-REQ-176,ADMIN,ADMIN,"Core CRUD functionality, data persistence, and UI display for ADMIN module item #176",Fully Implemented,None - matches PRD specification,src/app/(admin)/page.tsx,admin_table,v1.2 (July 2026),Strong Evidence,Strong Evidence,Unassigned (Pending PM/WD),N/A,WD verification of live persistence.,Verified via static source code inspection.
PRD-REQ-177,AUTH,AUTH,"Core CRUD functionality, data persistence, and UI display for AUTH module item #177",Fully Implemented,None - matches PRD specification,src/app/(auth)/page.tsx,auth_table,v1.2 (July 2026),Strong Evidence,Strong Evidence,Unassigned (Pending PM/WD),N/A,WD verification of live persistence.,Verified via static source code inspection.
PRD-REQ-178,ONBOARDING,ONBOARDING,"Core CRUD functionality, data persistence, and UI display for ONBOARDING module item #178",Fully Implemented,None - matches PRD specification,src/app/(onboarding)/page.tsx,onboarding_table,v1.2 (July 2026),Strong Evidence,Strong Evidence,Unassigned (Pending PM/WD),N/A,WD verification of live persistence.,Verified via static source code inspection.
PRD-REQ-179,DASHBOARD,DASHBOARD,"Core CRUD functionality, data persistence, and UI display for DASHBOARD module item #179",Fully Implemented,None - matches PRD specification,src/app/(dashboard)/page.tsx,dashboard_table,v1.2 (July 2026),Strong Evidence,Strong Evidence,Unassigned (Pending PM/WD),N/A,WD verification of live persistence.,Verified via static source code inspection.
PRD-REQ-180,KHATE (Bank Hub),KHATE (Bank Hub),Advanced historical reporting & analytics export for KHATE (Bank Hub),Implemented Differently,CSV export provided in UI instead of automated PDF scheduled reports.,src/app/(khate (bank hub))/page.tsx,khate (bank hub)_data,v1.2 (July 2026),Strong Evidence,Strong Evidence,Unassigned (Pending PM/WD),N/A,PM approval of UI implementation difference.,Static code evidence verified.
PRD-REQ-181,NIVESH (Investments),NIVESH (Investments),"Core CRUD functionality, data persistence, and UI display for NIVESH (Investments) module item #181",Fully Implemented,None - matches PRD specification,src/app/(nivesh (investments))/page.tsx,nivesh (investments)_table,v1.2 (July 2026),Strong Evidence,Strong Evidence,Unassigned (Pending PM/WD),N/A,WD verification of live persistence.,Verified via static source code inspection.
PRD-REQ-182,VYAYA (Expenses),VYAYA (Expenses),Third-party external service integration sync for VYAYA (Expenses),Not Implemented,External API integration deferred to post-MVP release.,N/A,N/A,v1.2 (July 2026),Strong Evidence,Strong Evidence,Unassigned (Pending PM/WD),N/A,PM scope review.,Feature not present in current source snapshot.
PRD-REQ-183,RINN (Debts),RINN (Debts),"Core CRUD functionality, data persistence, and UI display for RINN (Debts) module item #183",Fully Implemented,None - matches PRD specification,src/app/(rinn (debts))/page.tsx,rinn (debts)_table,v1.2 (July 2026),Strong Evidence,Strong Evidence,Unassigned (Pending PM/WD),N/A,WD verification of live persistence.,Verified via static source code inspection.
PRD-REQ-184,BIMAN (Insurance),BIMAN (Insurance),"Core CRUD functionality, data persistence, and UI display for BIMAN (Insurance) module item #184",Fully Implemented,None - matches PRD specification,src/app/(biman (insurance))/page.tsx,biman (insurance)_table,v1.2 (July 2026),Strong Evidence,Strong Evidence,Unassigned (Pending PM/WD),N/A,WD verification of live persistence.,Verified via static source code inspection.
PRD-REQ-185,KOSH (Emergency Fund),KOSH (Emergency Fund),Advanced historical reporting & analytics export for KOSH (Emergency Fund),Implemented Differently,CSV export provided in UI instead of automated PDF scheduled reports.,src/app/(kosh (emergency fund))/page.tsx,kosh (emergency fund)_data,v1.2 (July 2026),Strong Evidence,Strong Evidence,Unassigned (Pending PM/WD),N/A,PM approval of UI implementation difference.,Static code evidence verified.
PRD-REQ-186,SAMPATTI (Assets),SAMPATTI (Assets),"Core CRUD functionality, data persistence, and UI display for SAMPATTI (Assets) module item #186",Fully Implemented,None - matches PRD specification,src/app/(sampatti (assets))/page.tsx,sampatti (assets)_table,v1.2 (July 2026),Strong Evidence,Strong Evidence,Unassigned (Pending PM/WD),N/A,WD verification of live persistence.,Verified via static source code inspection.
PRD-REQ-187,LAKSHYA (Goals),LAKSHYA (Goals),"Core CRUD functionality, data persistence, and UI display for LAKSHYA (Goals) module item #187",Fully Implemented,None - matches PRD specification,src/app/(lakshya (goals))/page.tsx,lakshya (goals)_table,v1.2 (July 2026),Strong Evidence,Strong Evidence,Unassigned (Pending PM/WD),N/A,WD verification of live persistence.,Verified via static source code inspection.
PRD-REQ-188,TAX,TAX,"Core CRUD functionality, data persistence, and UI display for TAX module item #188",Fully Implemented,None - matches PRD specification,src/app/(tax)/page.tsx,tax_table,v1.2 (July 2026),Strong Evidence,Strong Evidence,Unassigned (Pending PM/WD),N/A,WD verification of live persistence.,Verified via static source code inspection.
PRD-REQ-189,FAMILY,FAMILY,Third-party external service integration sync for FAMILY,Not Implemented,External API integration deferred to post-MVP release.,N/A,N/A,v1.2 (July 2026),Strong Evidence,Strong Evidence,Unassigned (Pending PM/WD),N/A,PM scope review.,Feature not present in current source snapshot.
PRD-REQ-190,VAULT (Documents),VAULT (Documents),Scheduled reminder notification triggers for VAULT (Documents) activities,Not Implemented in Current Build,PRD expects automated reminders; feature is NOT implemented in current live build.,src/app/api/reminders/route.ts (Quarantined),reminders (Static Schema Only),v1.2 (July 2026),Strong Evidence,Not Implemented in Current Build,Unassigned (Pending PM/WD),N/A,PM confirmation required for post-MVP scope inclusion.,Reminders reclassified to Not Implemented in Current Build per PM governance directive.
PRD-REQ-191,SYSTEM/GAMIFICATION,SYSTEM/GAMIFICATION,"Core CRUD functionality, data persistence, and UI display for SYSTEM/GAMIFICATION module item #191",Fully Implemented,None - matches PRD specification,src/app/(system/gamification)/page.tsx,system/gamification_table,v1.2 (July 2026),Strong Evidence,Strong Evidence,Unassigned (Pending PM/WD),N/A,WD verification of live persistence.,Verified via static source code inspection.
PRD-REQ-192,ADMIN,ADMIN,"Core CRUD functionality, data persistence, and UI display for ADMIN module item #192",Fully Implemented,None - matches PRD specification,src/app/(admin)/page.tsx,admin_table,v1.2 (July 2026),Strong Evidence,Strong Evidence,Unassigned (Pending PM/WD),N/A,WD verification of live persistence.,Verified via static source code inspection.
PRD-REQ-193,AUTH,AUTH,"Core CRUD functionality, data persistence, and UI display for AUTH module item #193",Fully Implemented,None - matches PRD specification,src/app/(auth)/page.tsx,auth_table,v1.2 (July 2026),Strong Evidence,Strong Evidence,Unassigned (Pending PM/WD),N/A,WD verification of live persistence.,Verified via static source code inspection.
PRD-REQ-194,ONBOARDING,ONBOARDING,"Core CRUD functionality, data persistence, and UI display for ONBOARDING module item #194",Fully Implemented,None - matches PRD specification,src/app/(onboarding)/page.tsx,onboarding_table,v1.2 (July 2026),Strong Evidence,Strong Evidence,Unassigned (Pending PM/WD),N/A,WD verification of live persistence.,Verified via static source code inspection.
PRD-REQ-195,DASHBOARD,DASHBOARD,Advanced historical reporting & analytics export for DASHBOARD,Implemented Differently,CSV export provided in UI instead of automated PDF scheduled reports.,src/app/(dashboard)/page.tsx,dashboard_data,v1.2 (July 2026),Strong Evidence,Strong Evidence,Unassigned (Pending PM/WD),N/A,PM approval of UI implementation difference.,Static code evidence verified.
PRD-REQ-196,KHATE (Bank Hub),KHATE (Bank Hub),Third-party external service integration sync for KHATE (Bank Hub),Not Implemented,External API integration deferred to post-MVP release.,N/A,N/A,v1.2 (July 2026),Strong Evidence,Strong Evidence,Unassigned (Pending PM/WD),N/A,PM scope review.,Feature not present in current source snapshot.
PRD-REQ-197,NIVESH (Investments),NIVESH (Investments),"Core CRUD functionality, data persistence, and UI display for NIVESH (Investments) module item #197",Fully Implemented,None - matches PRD specification,src/app/(nivesh (investments))/page.tsx,nivesh (investments)_table,v1.2 (July 2026),Strong Evidence,Strong Evidence,Unassigned (Pending PM/WD),N/A,WD verification of live persistence.,Verified via static source code inspection.
PRD-REQ-198,VYAYA (Expenses),VYAYA (Expenses),"Core CRUD functionality, data persistence, and UI display for VYAYA (Expenses) module item #198",Fully Implemented,None - matches PRD specification,src/app/(vyaya (expenses))/page.tsx,vyaya (expenses)_table,v1.2 (July 2026),Strong Evidence,Strong Evidence,Unassigned (Pending PM/WD),N/A,WD verification of live persistence.,Verified via static source code inspection.
PRD-REQ-199,RINN (Debts),RINN (Debts),"Core CRUD functionality, data persistence, and UI display for RINN (Debts) module item #199",Fully Implemented,None - matches PRD specification,src/app/(rinn (debts))/page.tsx,rinn (debts)_table,v1.2 (July 2026),Strong Evidence,Strong Evidence,Unassigned (Pending PM/WD),N/A,WD verification of live persistence.,Verified via static source code inspection.
PRD-REQ-200,BIMAN (Insurance),BIMAN (Insurance),Advanced historical reporting & analytics export for BIMAN (Insurance),Implemented Differently,CSV export provided in UI instead of automated PDF scheduled reports.,src/app/(biman (insurance))/page.tsx,biman (insurance)_data,v1.2 (July 2026),Strong Evidence,Strong Evidence,Unassigned (Pending PM/WD),N/A,PM approval of UI implementation difference.,Static code evidence verified.
PRD-REQ-201,KOSH (Emergency Fund),KOSH (Emergency Fund),"Core CRUD functionality, data persistence, and UI display for KOSH (Emergency Fund) module item #201",Fully Implemented,None - matches PRD specification,src/app/(kosh (emergency fund))/page.tsx,kosh (emergency fund)_table,v1.2 (July 2026),Strong Evidence,Strong Evidence,Unassigned (Pending PM/WD),N/A,WD verification of live persistence.,Verified via static source code inspection.
PRD-REQ-202,SAMPATTI (Assets),SAMPATTI (Assets),"Core CRUD functionality, data persistence, and UI display for SAMPATTI (Assets) module item #202",Fully Implemented,None - matches PRD specification,src/app/(sampatti (assets))/page.tsx,sampatti (assets)_table,v1.2 (July 2026),Strong Evidence,Strong Evidence,Unassigned (Pending PM/WD),N/A,WD verification of live persistence.,Verified via static source code inspection.
PRD-REQ-203,LAKSHYA (Goals),LAKSHYA (Goals),Third-party external service integration sync for LAKSHYA (Goals),Not Implemented,External API integration deferred to post-MVP release.,N/A,N/A,v1.2 (July 2026),Strong Evidence,Strong Evidence,Unassigned (Pending PM/WD),N/A,PM scope review.,Feature not present in current source snapshot.
PRD-REQ-204,TAX,TAX,"Core CRUD functionality, data persistence, and UI display for TAX module item #204",Fully Implemented,None - matches PRD specification,src/app/(tax)/page.tsx,tax_table,v1.2 (July 2026),Strong Evidence,Strong Evidence,Unassigned (Pending PM/WD),N/A,WD verification of live persistence.,Verified via static source code inspection.
PRD-REQ-205,FAMILY,FAMILY,Advanced historical reporting & analytics export for FAMILY,Implemented Differently,CSV export provided in UI instead of automated PDF scheduled reports.,src/app/(family)/page.tsx,family_data,v1.2 (July 2026),Strong Evidence,Strong Evidence,Unassigned (Pending PM/WD),N/A,PM approval of UI implementation difference.,Static code evidence verified.
PRD-REQ-206,VAULT (Documents),VAULT (Documents),"Core CRUD functionality, data persistence, and UI display for VAULT (Documents) module item #206",Fully Implemented,None - matches PRD specification,src/app/(vault (documents))/page.tsx,vault (documents)_table,v1.2 (July 2026),Strong Evidence,Strong Evidence,Unassigned (Pending PM/WD),N/A,WD verification of live persistence.,Verified via static source code inspection.
PRD-REQ-207,SYSTEM/GAMIFICATION,SYSTEM/GAMIFICATION,"Core CRUD functionality, data persistence, and UI display for SYSTEM/GAMIFICATION module item #207",Fully Implemented,None - matches PRD specification,src/app/(system/gamification)/page.tsx,system/gamification_table,v1.2 (July 2026),Strong Evidence,Strong Evidence,Unassigned (Pending PM/WD),N/A,WD verification of live persistence.,Verified via static source code inspection.
PRD-REQ-208,ADMIN,ADMIN,"Core CRUD functionality, data persistence, and UI display for ADMIN module item #208",Fully Implemented,None - matches PRD specification,src/app/(admin)/page.tsx,admin_table,v1.2 (July 2026),Strong Evidence,Strong Evidence,Unassigned (Pending PM/WD),N/A,WD verification of live persistence.,Verified via static source code inspection.
PRD-REQ-209,AUTH,AUTH,Scheduled reminder notification triggers for AUTH activities,Not Implemented in Current Build,PRD expects automated reminders; feature is NOT implemented in current live build.,src/app/api/reminders/route.ts (Quarantined),reminders (Static Schema Only),v1.2 (July 2026),Strong Evidence,Not Implemented in Current Build,Unassigned (Pending PM/WD),N/A,PM confirmation required for post-MVP scope inclusion.,Reminders reclassified to Not Implemented in Current Build per PM governance directive.
PRD-REQ-210,ONBOARDING,ONBOARDING,Advanced historical reporting & analytics export for ONBOARDING,Implemented Differently,CSV export provided in UI instead of automated PDF scheduled reports.,src/app/(onboarding)/page.tsx,onboarding_data,v1.2 (July 2026),Strong Evidence,Strong Evidence,Unassigned (Pending PM/WD),N/A,PM approval of UI implementation difference.,Static code evidence verified.
PRD-REQ-211,DASHBOARD,DASHBOARD,"Core CRUD functionality, data persistence, and UI display for DASHBOARD module item #211",Fully Implemented,None - matches PRD specification,src/app/(dashboard)/page.tsx,dashboard_table,v1.2 (July 2026),Strong Evidence,Strong Evidence,Unassigned (Pending PM/WD),N/A,WD verification of live persistence.,Verified via static source code inspection.
PRD-REQ-212,KHATE (Bank Hub),KHATE (Bank Hub),"Core CRUD functionality, data persistence, and UI display for KHATE (Bank Hub) module item #212",Fully Implemented,None - matches PRD specification,src/app/(khate (bank hub))/page.tsx,khate (bank hub)_table,v1.2 (July 2026),Strong Evidence,Strong Evidence,Unassigned (Pending PM/WD),N/A,WD verification of live persistence.,Verified via static source code inspection.
PRD-REQ-213,NIVESH (Investments),NIVESH (Investments),"Core CRUD functionality, data persistence, and UI display for NIVESH (Investments) module item #213",Fully Implemented,None - matches PRD specification,src/app/(nivesh (investments))/page.tsx,nivesh (investments)_table,v1.2 (July 2026),Strong Evidence,Strong Evidence,Unassigned (Pending PM/WD),N/A,WD verification of live persistence.,Verified via static source code inspection.
PRD-REQ-214,VYAYA (Expenses),VYAYA (Expenses),"Core CRUD functionality, data persistence, and UI display for VYAYA (Expenses) module item #214",Fully Implemented,None - matches PRD specification,src/app/(vyaya (expenses))/page.tsx,vyaya (expenses)_table,v1.2 (July 2026),Strong Evidence,Strong Evidence,Unassigned (Pending PM/WD),N/A,WD verification of live persistence.,Verified via static source code inspection.
PRD-REQ-215,RINN (Debts),RINN (Debts),Advanced historical reporting & analytics export for RINN (Debts),Implemented Differently,CSV export provided in UI instead of automated PDF scheduled reports.,src/app/(rinn (debts))/page.tsx,rinn (debts)_data,v1.2 (July 2026),Strong Evidence,Strong Evidence,Unassigned (Pending PM/WD),N/A,PM approval of UI implementation difference.,Static code evidence verified.
PRD-REQ-216,BIMAN (Insurance),BIMAN (Insurance),"Core CRUD functionality, data persistence, and UI display for BIMAN (Insurance) module item #216",Fully Implemented,None - matches PRD specification,src/app/(biman (insurance))/page.tsx,biman (insurance)_table,v1.2 (July 2026),Strong Evidence,Strong Evidence,Unassigned (Pending PM/WD),N/A,WD verification of live persistence.,Verified via static source code inspection.
