Module_ID,Module_Name,Config_Key,Config_Status,Main_Route,Main_Page_File,Main_Component_or_Function,Related_Page_Files,API_Routes,Service_or_Store,Data_or_Storage,Module_Association,Implementation_Assessment,Confidence,Evidence_Notes
1,Sthapana / Foundation,FOUNDATION,isImplemented=true,/foundation,src/app/(dashboard)/foundation/page.tsx,FoundationHub,"src/app/(dashboard)/foundation/education/page.tsx; src/app/(dashboard)/foundation/education/[id]/edit/page.tsx; src/app/(dashboard)/foundation/family/page.tsx","/api/profile; /api/education; /api/family","userService; educationService; familyService; OnboardingStore","Prisma User/Education/FamilyMember; Supabase Auth metadata and profile-photos Storage; local Vault",Foundation profile family and education,Implemented with server and client persistence,Confirmed,"modules.config.ts lines 19-30; page and API files exist; direct imports and fetch calls confirmed"
2,Pehchaan / Identity Vault,PEHCHAAN,isImplemented=true,/pehchaan/records,src/app/(dashboard)/pehchaan/records/page.tsx,IdentityHub,"src/app/(dashboard)/pehchaan/records/add/page.tsx; src/app/(dashboard)/pehchaan/records/[id]/edit/page.tsx; src/app/(dashboard)/pehchaan/records/doc/[id]/page.tsx; src/app/(dashboard)/pehchaan/records/links/page.tsx; src/app/(dashboard)/pehchaan/records/renewals/page.tsx; src/app/(dashboard)/pehchaan/mapping/page.tsx; src/app/(dashboard)/pehchaan/validity/page.tsx","/api/identity; /api/identity/[id]; /api/identity/links; /api/identity/reminders; /api/identity/settings","identityService; IdentityStore in src/lib; IdentityStore in src/lib/stores","Prisma IdentityRecord/IdentityLink/Reminder/DocumentMeta; local Vault; Google Drive",Identity documents links validity and reminders,Implemented with parallel old/new route and store paths,Confirmed,"modules.config.ts lines 31-42; both src/lib/identityStore.ts and src/lib/stores/identityStore.ts are imported by different Pehchaan pages"
3,Kunji / Dwaar Credentials,DWAAR,isImplemented=true,/dwaar/portals,src/app/(dashboard)/dwaar/portals/page.tsx,KeyChamberHub,"src/app/(dashboard)/dwaar/portals/add/page.tsx; src/app/(dashboard)/dwaar/portals/portal/[id]/page.tsx; src/app/(dashboard)/dwaar/portals/access/page.tsx","/api/credentials; /api/credentials/[id]; /api/profile","credentialService; CredentialStore; IdentityStore","Prisma CredentialRecord; browser client stores",Credentials and access continuity,Implemented,Confirmed,"modules.config.ts lines 43-54; page and API route files exist; credentialService is imported by credentials routes"
4,Kosh / Income,KOSH,isImplemented=true,/kosh/sources,src/app/(dashboard)/kosh/sources/page.tsx,KoshHub,"src/app/(dashboard)/kosh/sources/add/page.tsx; src/app/(dashboard)/kosh/page.tsx; src/app/(dashboard)/kosh/add/page.tsx; src/app/(dashboard)/kosh/income/page.tsx; src/app/(dashboard)/kosh/income/[id]/edit/page.tsx; src/app/(dashboard)/kosh/analytics/page.tsx; src/app/(dashboard)/kosh/disposable/page.tsx; src/app/(dashboard)/kosh/dependency/page.tsx","/api/income; /api/income/[id]; /api/bank; /api/family","incomeService; IncomeStore in src/lib; IncomeStore in src/lib/stores; bankApi","Prisma IncomeStream; browser stores",Income sources analytics and disposable income,Implemented with parallel legacy and configured route families,Confirmed,"modules.config.ts lines 55-66 registers /kosh/sources; /kosh and /kosh/sources each define KoshHub and import different IncomeStore paths"
5,Vyaya / Expenses,VYAYA,isImplemented=true,/vyaya/entry,src/app/(dashboard)/vyaya/entry/page.tsx,VyayaHub,"src/app/(dashboard)/vyaya/entry/add/page.tsx; src/app/(dashboard)/vyaya/page.tsx; src/app/(dashboard)/vyaya/add/page.tsx; src/app/(dashboard)/vyaya/budget/page.tsx; src/app/(dashboard)/vyaya/categories/page.tsx; src/app/(dashboard)/vyaya/analytics/page.tsx; src/app/(dashboard)/vyaya/subscriptions/page.tsx","/api/expenses; /api/expenses/[id]; /api/expense-categories; /api/budget; /api/subscriptions","expenseService; expenseCategoryService; budgetService; ExpenseStore in two paths","Prisma ExpenseEntry/ExpenseCategory/BudgetPlan/Subscription; browser stores",Expenses budget categories and recurring expenses,Implemented with parallel legacy and configured route families,Confirmed,"modules.config.ts lines 67-78 registers /vyaya/entry; /vyaya and /vyaya/entry import different ExpenseStore paths"
6,Pravah / Khate Bank Hub,KHATE,isImplemented=true,/khate/accounts,src/app/(dashboard)/khate/accounts/page.tsx,BankHub,"src/app/(dashboard)/khate/accounts/add/page.tsx; src/app/(dashboard)/khate/accounts/[id]/edit/page.tsx; src/app/(dashboard)/khate/accounts/cash/page.tsx; src/app/(dashboard)/khate/accounts/flow/page.tsx; src/app/(dashboard)/khate/accounts/idle/page.tsx; src/app/(dashboard)/khate/cash/page.tsx; src/app/(dashboard)/khate/cash-flow/page.tsx; src/app/(dashboard)/khate/idle-detection/page.tsx","/api/bank; /api/bank/[id]","bankService; bankApi; BankStore in src/lib and src/lib/stores","Prisma BankAccount/CashWallet/BalanceHistory; browser stores",Bank accounts cash flow and idle funds,Implemented with duplicate route/store families,Confirmed,"modules.config.ts lines 79-90; accounts and non-accounts paths define duplicate CashWalletPage/CashFlowEngine/IdleMoneyEngine components"
7,Beej / Investments,BEEJ,isImplemented=false,/beej,src/app/(dashboard)/beej/page.tsx,BeejPage,None,None,None,None,Investments,Placeholder only,Confirmed,"modules.config.ts lines 91-102; BeejPage states that the investment engine is under construction and has no data/API integration"
8,Raksha / Insurance,RAKSHA,isImplemented=true,/raksha,src/app/(dashboard)/raksha/page.tsx,RakshaModule,"src/app/(dashboard)/raksha/policies/page.tsx; src/app/(dashboard)/raksha/policies/add/page.tsx; src/app/(dashboard)/raksha/policies/[id]/page.tsx; src/app/(dashboard)/raksha/policies/[id]/edit/page.tsx","/api/insurance; /api/insurance/[id]; /api/family; /api/income; /api/documents","insuranceService; useRakshaStore; NotificationStore; reminderService","Prisma InsurancePolicy/InsuranceCoverage/Reminder/DocumentMeta; local Vault",Insurance and protection,Implemented,Confirmed,"modules.config.ts lines 103-114; list/add/detail/edit pages and insurance API/service paths exist"
9,Rin / Loans,RIN,isImplemented=true,/rin,src/app/(dashboard)/rin/page.tsx,RinDashboard,"src/app/(dashboard)/rin/loans/page.tsx; src/app/(dashboard)/rin/loans/add/page.tsx; src/app/(dashboard)/rin/loans/[id]/page.tsx; src/app/(dashboard)/rin/loans/[id]/edit/page.tsx","/api/loans; /api/loans/[id]; /api/family; /api/documents","loanService; NotificationStore; Vault","Prisma LoanAccount/DocumentMeta; local Vault",Loans liabilities and EMI records,Implemented,Confirmed,"modules.config.ts lines 115-126; loan page/API/service paths exist"
10,Bhoomi / Property,BHOOMI,isImplemented=false,/bhoomi,src/app/(dashboard)/bhoomi/page.tsx,BhoomiPage,"src/app/(dashboard)/bhoomi/add/page.tsx; src/app/(dashboard)/bhoomi/[id]/edit/page.tsx","/api/bhoomi/properties; /api/bhoomi/properties/[id]; /api/loans","bhoomiService; NotificationStore; Vault","Prisma PropertyAsset; local Vault",Real estate and property,Functional CRUD exists but config marks module not implemented,Confirmed,"modules.config.ts lines 127-138 conflicts with BhoomiPage fetch/delete logic plus add/edit pages and bhoomiService"
11,Kar / Tax and Compliance,KAR,isImplemented=true,/kar,src/app/(dashboard)/kar/page.tsx,KarPage,"src/app/(dashboard)/kar/gst/page.tsx; src/app/(dashboard)/kar/gst/new/page.tsx; src/app/(dashboard)/kar/gst/[id]/edit/page.tsx; src/app/(dashboard)/kar/din/page.tsx; src/app/(dashboard)/kar/din/new/page.tsx; src/app/(dashboard)/kar/din/[id]/edit/page.tsx; src/app/(dashboard)/kar/itr/page.tsx; src/app/(dashboard)/kar/itr/new/page.tsx; src/app/(dashboard)/kar/itr/[id]/edit/page.tsx","/api/kar/summary; /api/kar/insights; /api/kar/tax; /api/kar/gst; /api/kar/din; /api/tax/records; /api/gst/records; /api/din/records","taxService; gstService; dinService; FileUploader","Prisma TaxRecord/GstRecord/DinRecord; local Vault",Tax ITR GST and DIN compliance,Implemented,Confirmed,"modules.config.ts lines 139-150; page/API/service paths exist and Kar aggregate routes import all three services"
12,Mitra / Nominees and Will,MITRA,isImplemented=true,/mitra,src/app/(dashboard)/mitra/page.tsx,MitraModule,"src/app/(dashboard)/mitra/assets/page.tsx; src/app/(dashboard)/mitra/will/page.tsx","/api/nominee; /api/nominee/assets; /api/will; /api/family","nomineeService; willService","Prisma NomineeMapping/WillStatus",Nominees beneficiary mapping and will status,Implemented,Confirmed,"modules.config.ts lines 151-162; module pages and nominee/will API/service files exist"
13,Leakage / Subscriptions,LEAKAGE,isImplemented=true,/leakage,src/app/(dashboard)/leakage/page.tsx,LeakageModulePage,"src/app/(dashboard)/leakage/subscriptions/page.tsx; src/app/(dashboard)/subscriptions/page.tsx; src/app/(dashboard)/vyaya/subscriptions/page.tsx","/api/subscriptions; /api/subscriptions/[id]","subscriptionService; subscriptionAnalyticsService; ExpenseStore","Prisma Subscription/SubscriptionAnalytics; browser ExpenseStore",Subscription leakage and recurring-cost review,Implemented across overlapping subscription route families,Confirmed,"modules.config.ts lines 163-174; LeakageModulePage fetches /api/subscriptions; three subscription UI paths exist"
14,Lakshya / Goals,LAKSHYA,isImplemented=false,/lakshya,src/app/(dashboard)/lakshya/page.tsx,LakshyaPage,None,None,None,"Prisma Goal model exists but no route integration was found for this page",Financial goals,Placeholder page despite schema model,Confirmed,"modules.config.ts lines 175-186; LakshyaPage has navigation/display only; no /api/goals route exists in the snapshot"
15,Sampatti / Asset Inventory,SAMPATTI,isImplemented=false,/sampatti,src/app/(dashboard)/sampatti/page.tsx,SampattiPage,None,None,useSampattiStore,"Zustand persisted browser state; Prisma AssetInventory model is not connected by this page",Physical asset inventory,Functional local-only UI with config disabled,Confirmed,"modules.config.ts lines 187-198; SampattiPage imports useSampattiStore; no Sampatti API route is present"
16,Granthagaar / Document Vault,GRANTHAGAAR,isImplemented=false,/granthagaar,src/app/(dashboard)/granthagaar/page.tsx,VaultPage,None,"/api/family through FileUploader; /api/google-drive/upload through Vault path","Vault from src/lib/services/documentService.ts; FileUploader","IndexedDB local vault with optional FileUploader cloud paths",Document vault,Functional local vault UI with config disabled and overlapping /vault implementation,Confirmed,"modules.config.ts lines 199-210; Granthagaar VaultPage uses documentService Vault while /vault uses src/lib/vault.ts"
17,Suchak / Dashboard,SUCHAK,isImplemented=false,/suchak,src/app/(dashboard)/suchak/page.tsx,Dashboard,None,"/api/bank through bankApi",IdentityStore/IncomeStore/ExpenseStore/BankStore/OnboardingStore/ThemeStore under src/lib/stores,"Browser stores plus bank API summary",Dashboard and indicators,Functional alternate dashboard with config disabled and overlap with /rajya,Confirmed,"modules.config.ts lines 211-222; Suchak Dashboard imports newer store family; /rajya Dashboard imports older store family"
18,Doot / Reminders,DOOT,isImplemented=false,/doot,src/app/(dashboard)/doot/page.tsx,NotificationsPage,None,None,NotificationStore,"Browser NotificationStore; separate Prisma Notification and Reminder services are not called by this page",Reminder and notification display,Functional local notification UI with config disabled and overlap with /notifications,Confirmed,"modules.config.ts lines 223-234; Doot NotificationsPage reads NotificationStore; /notifications defines another NotificationsPage"
19,Mantri / Insights,MANTRI,isImplemented=false,/mantri,src/app/(dashboard)/mantri/page.tsx,MantriPage,None,None,None,None,Insights,Coming Soon placeholder,Confirmed,"modules.config.ts lines 235-246; MantriPage renders Coming Soon and navigation only"
20,Suraksha / Security,SURAKSHA,isImplemented=false,/suraksha,src/app/(dashboard)/suraksha/page.tsx,SurakshaPage,None,None,None,None,Security settings,Coming Soon placeholder,Confirmed,"modules.config.ts lines 247-258; SurakshaPage renders Coming Soon and navigation only"
21,Raj Mantri / AI Assistant,RAJ_MANTRI,isImplemented=false,/raj-mantri,src/app/(dashboard)/raj-mantri/page.tsx,RajMantriPage,None,None,None,None,AI financial assistant,Coming Soon placeholder,Confirmed,"modules.config.ts lines 259-270; RajMantriPage renders Coming Soon and navigation only"
NC-1,Uttaradhikar Sabha / Succession,Not in MODULES,Not configured,/succession,src/app/(dashboard)/succession/page.tsx,SuccessionIndex,"src/app/(dashboard)/succession/nominees/page.tsx; src/app/(dashboard)/succession/emergency/page.tsx; src/app/(dashboard)/succession/scan/page.tsx; src/app/(dashboard)/succession/tutorial/page.tsx; src/app/(dashboard)/succession/will/page.tsx","/api/succession/assets; /api/succession/nominees; /api/succession/nominees/[id]; /api/succession/will; /api/succession/emergency","per-route Prisma logic; FileUploader; Google Drive helpers","Prisma SuccessionNominee/SuccessionWill/SuccessionEmergency plus linked asset models",Succession planning,Functional module absent from official module config,Confirmed,"six pages and five API route groups exist; no SUCCESSION entry exists in src/config/modules.config.ts"
NC-2,Rajya / Kingdom Map,Not in MODULES,Not configured,/rajya,src/app/(dashboard)/rajya/page.tsx,Dashboard,None,"/api/profile and module stores through page logic","IdentityStore/CredentialStore/IncomeStore/ExpenseStore/BankStore/OnboardingStore/ThemeStore under src/lib","Mixed browser stores and API-derived profile data",Primary post-login dashboard,Functional and auth-linked dashboard absent from official module config,Confirmed,"start/page.tsx redirects successful login to /rajya; middleware redirects authenticated /start to /rajya; no RAJYA entry in module config"
NC-3,Notifications,Not in MODULES,Not configured,/notifications,src/app/(dashboard)/notifications/page.tsx,NotificationsPage,None,"/api/notifications exists but page reads NotificationStore","NotificationStore; notificationService on server","Browser NotificationStore; Prisma Notification service exists separately",User notifications,Functional local notification page absent from config and overlapping Doot,Confirmed,"page subscribes to NotificationStore; notification API/service files exist separately; no NOTIFICATIONS config entry"
NC-4,Vault / Nidhi Vault,Not in MODULES,Not configured,/vault,src/app/(dashboard)/vault/page.tsx,VaultPage,None,"/api/family; /api/google-drive/upload through FileUploader","Vault from src/lib/vault.ts; FileUploader","IndexedDB/OPFS local vault; optional Google Drive or Supabase Storage",Document storage,Functional module absent from config and overlapping Granthagaar,Confirmed,"VaultPage imports src/lib/vault.ts and FileUploader; Granthagaar uses src/lib/services/documentService.ts instead"
